Server,Player Name,Troop ATK,Troop HP,Troop DEF,Troop DMG,Troop DMG Recv,Troop ATK Bless,Troop PROT Bless,Infantry ATK,Infantry HP,Infantry DEF,Infantry DMG,Infantry DMG Recv,Infantry ATK Bless,Infantry PROT Bless,Cav ATK,Cav HP,Cav DEF,Cav DMG,Cav DMG Recv,Cav ATK Bless,Cav PROT Bless,Archer ATK,Archer HP,Archer DEF,Archer DMG,Archer DMG Recv,Archer ATK Bless,Archer PROT Bless,Siege ATK,Siege HP,Siege DEF,Siege DMG,Siege DMG Recv,Siege ATK Bless,Siege PROT Bless,Lethal %
K60,CerialKiller,+433.96%,+328.60%,+419.10%,+43.75%,-47.50%,+578.40%,+600.00%,+2034.70%,+2661.92%,+1958.20%,+162.50%,-219.00%,+396.00%,+700.00%,+1922.85%,+1644.50%,+1180.00%,+180.50%,-194.50%,+603.00%,+501.00%,+2443.00%,+1617.00%,+879.35%,+193.00%,-192.75%,+626.00%,+442.00%,+1434.70%,+1332.70%,+920.50%,+169.50%,-184.50%,+700.00%,+307.00%,+24.00%
K60,Hitt,+289.60%,+260.10%,+285.10%,+41.50%,-41.50%,+370.52%,+328.12%,+951.00%,+1396.57%,+933.49%,+49.00%,-63.50%,+106.00%,+246.00%,+2095.20%,+1715.20%,+979.00%,+160.50%,-132.50%,+354.00%,+189.00%,+1985.00%,+1620.35%,+1069.00%,+166.75%,-136.75%,+463.00%,+216.00%,+1084.00%,+606.00%,+793.50%,+54.50%,-41.00%,+64.00%,+59.00%,+22.50%
K60,Λžtěč (Aztec),+323.10%,+248.60%,+283.10%,+43.75%,-41.50%,+477.84%,+270.08%,+1067.00%,+1378.50%,+912.99%,+49.00%,-60.00%,+103.00%,+445.00%,+2098.70%,+1792.20%,+1286.00%,+158.25%,-128.75%,+344.00%,+211.00%,+2141.00%,+1689.35%,+886.50%,+164.50%,-128.75%,+454.00%,+247.00%,+1139.00%,+682.00%,+897.50%,+47.00%,-25.00%,+126.00%,+81.00%,+24.50%
K60,MoonLight,+364.85%,+293.10%,+297.10%,+43.75%,-41.50%,+423.64%,+261.16%,+1095.00%,+1640.50%,+1080.99%,+49.00%,-67.50%,+115.00%,+256.00%,+2214.70%,+1536.20%,+1211.00%,+172.00%,-131.50%,+400.00%,+191.00%,+2132.00%,+1682.35%,+1207.50%,+189.00%,-137.75%,+486.00%,+321.00%,+1405.50%,+775.00%,+1037.50%,+68.50%,-41.00%,+86.00%,+71.00%,+22.00%
K60,KingSkorpioN,+322.85%,+227.10%,+274.10%,+43.75%,-41.50%,+465.00%,+274.08%,+1151.00%,+1493.50%,+1021.99%,+55.25%,-61.25%,+119.00%,+277.00%,+2090.20%,+1415.20%,+1110.00%,+154.75%,-128.50%,+240.00%,+142.00%,+2021.00%,+1676.35%,+1175.00%,+167.25%,-144.75%,+476.00%,+230.00%,+1256.50%,+705.00%,+946.00%,+55.50%,-41.00%,+86.00%,+68.00%,+23.50%
K60,Crixus,+303.85%,+260.10%,+267.10%,+43.75%,-40.00%,+600.00%,+268.76%,+1066.50%,+1500.50%,+974.99%,+99.00%,-113.00%,+61.00%,+171.00%,+2285.20%,+1431.20%,+1232.00%,+170.50%,-122.50%,+417.00%,+179.00%,+2116.00%,+1751.35%,+1296.50%,+177.00%,-130.00%,+475.00%,+288.00%,+1415.00%,+659.00%,+899.00%,+63.00%,-25.00%,+56.00%,+32.00%,+24.50%
K60,Ёжик,+276.60%,+280.10%,+311.10%,+41.50%,-41.50%,+600.00%,+211.00%,+1227.00%,+1393.50%,+953.99%,+55.25%,-64.75%,+99.00%,+273.00%,+2121.70%,+1548.20%,+1186.00%,+160.50%,-134.75%,+349.00%,+229.00%,+1790.00%,+1423.35%,+999.50%,+154.25%,-144.75%,+273.00%,+163.00%,+1471.00%,+650.00%,+954.50%,+53.25%,-41.00%,+157.00%,+94.00%,+23.00%
K60,༺۝Foxik۝༻,+280.10%,+231.10%,+274.60%,+41.50%,-41.50%,+386.68%,+325.48%,+1109.00%,+1460.00%,+988.49%,+55.25%,-67.00%,+109.00%,+305.00%,+2085.70%,+1731.20%,+1170.00%,+153.25%,-134.75%,+354.00%,+176.00%,+1967.00%,+1634.35%,+836.50%,+160.50%,-147.25%,+402.00%,+194.00%,+1260.00%,+618.00%,+881.50%,+51.00%,-43.50%,+80.00%,+63.00%,+23.50%
K60,Houdini,+285.60%,+239.10%,+279.10%,+41.50%,-41.50%,+368.32%,+283.52%,+884.00%,+1295.07%,+836.42%,+49.00%,-63.50%,+83.00%,+112.00%,+2041.70%,+1446.70%,+1113.50%,+156.50%,-136.50%,+229.00%,+122.00%,+1938.50%,+1669.85%,+1108.50%,+166.75%,-140.75%,+370.00%,+243.00%,+1046.00%,+545.50%,+720.50%,+54.50%,-39.00%,+47.00%,+47.00%,+24.50%
K60,Дерог,+361.46%,+289.60%,+300.10%,+43.75%,-41.50%,+588.48%,+394.72%,+1576.00%,+1824.92%,+1086.57%,+142.75%,-157.25%,+99.00%,+517.00%,+2091.50%,+1346.50%,+1054.00%,+174.00%,-134.75%,+496.00%,+350.00%,+2044.00%,+1232.00%,+936.00%,+175.50%,-136.75%,+501.00%,+225.00%,+2112.70%,+1070.70%,+1077.00%,+160.00%,-128.50%,+164.00%,+93.00%,+25.50%
K60,"#11 元气满满 (122,000)",+313.85%,+288.10%,+298.10%,+43.75%,-41.50%,+600.00%,+324.28%,+1150.00%,+1640.50%,+1146.99%,+128.50%,-154.50%,+113.00%,+264.00%,+2253.70%,+1855.20%,+1308.00%,+168.25%,-134.75%,+408.00%,+231.00%,+2184.00%,+1748.35%,+947.00%,+176.00%,-144.75%,+498.00%,+226.00%,+1493.00%,+740.00%,+1069.50%,+64.50%,-45.00%,+138.00%,+102.00%,+25.00%
K60,邪恶的Xero,+324.85%,+250.10%,+268.60%,+43.75%,-41.50%,+432.40%,+420.16%,+1016.00%,+1632.50%,+1142.99%,+136.50%,-158.50%,+101.00%,+223.00%,+2258.70%,+1746.20%,+1210.00%,+178.00%,-132.50%,+479.00%,+300.00%,+2137.00%,+1756.35%,+938.50%,+177.75%,-151.00%,+598.00%,+279.00%,+1422.00%,+687.00%,+955.50%,+156.00%,-128.50%,+103.00%,+64.00%,+25.50%
K60,AAB,+297.85%,+295.35%,+282.35%,+43.75%,-43.75%,+569.28%,+198.36%,+1177.00%,+1783.50%,+1243.99%,+142.75%,-161.75%,+113.00%,+404.00%,+2283.70%,+1832.20%,+1285.00%,+178.00%,-146.75%,+413.00%,+270.00%,+2071.00%,+1745.35%,+952.50%,+171.50%,-136.75%,+532.00%,+245.00%,+1508.00%,+714.00%,+951.50%,+152.00%,-136.50%,+129.00%,+90.00%,+24.00%
K60,"#14 元气满满 (148,500)",+332.35%,+294.10%,+309.10%,+43.75%,-41.50%,+600.00%,+600.00%,+1216.70%,+1101.07%,+1481.62%,+136.50%,-160.75%,+181.00%,+417.00%,+2497.55%,+1617.20%,+821.00%,+174.00%,-134.75%,+504.00%,+308.00%,+2305.00%,+1502.35%,+1140.35%,+177.75%,-144.75%,+537.00%,+323.00%,+2131.00%,+688.00%,+1309.50%,+165.75%,-128.50%,+419.00%,+180.00%,+25.00%
K60,InFlames,+435.60%,+337.35%,+367.85%,+47.50%,-47.50%,+407.80%,+336.36%,+1873.50%,+2157.92%,+1437.57%,+196.50%,-188.75%,+202.00%,+728.00%,+2565.20%,+1494.50%,+1404.70%,+210.75%,-170.50%,+803.00%,+346.00%,+2198.00%,+1306.00%,+1026.00%,+204.50%,-172.50%,+511.00%,+410.00%,+2214.35%,+1080.00%,+1342.50%,+200.75%,-166.75%,+308.00%,+201.00%,+24.00%
K60,ΨRØÇKYΨ,+287.60%,+268.60%,+302.10%,+41.50%,-41.50%,+600.00%,+251.36%,+1124.00%,+1350.50%,+885.99%,+49.00%,-60.75%,+126.00%,+338.00%,+2227.20%,+1543.20%,+1242.00%,+166.75%,-138.75%,+528.00%,+300.00%,+1878.00%,+1626.35%,+1123.00%,+154.25%,-144.75%,+466.00%,+228.00%,+1296.50%,+620.00%,+870.00%,+54.50%,-48.50%,+239.00%,+130.00%,+24.50%
K60,Jepp,+281.60%,+245.10%,+287.10%,+41.50%,-39.00%,+575.52%,+210.48%,+1203.00%,+1375.50%,+950.99%,+53.10%,-62.60%,+110.00%,+268.00%,+2219.20%,+1425.20%,+1184.00%,+160.50%,-120.50%,+433.00%,+183.00%,+2077.00%,+1648.85%,+1194.50%,+169.00%,-144.75%,+498.00%,+257.00%,+1329.00%,+622.00%,+957.00%,+60.50%,-34.50%,+74.00%,+36.00%,+24.50%
K60,kvisteer,+324.35%,+273.60%,+309.10%,+43.75%,-41.50%,+600.00%,+227.48%,+1340.00%,+1513.50%,+1123.99%,+49.00%,-75.00%,+141.00%,+407.00%,+2295.70%,+1528.20%,+1286.00%,+171.75%,-128.50%,+334.00%,+196.00%,+2185.00%,+1731.35%,+1256.50%,+181.75%,-144.75%,+500.00%,+363.00%,+1455.00%,+737.00%,+953.50%,+64.50%,-41.00%,+120.00%,+86.00%,+25.00%
K60,Blud,+311.60%,+255.10%,+275.60%,+41.50%,-41.50%,+600.00%,+237.76%,+1236.00%,+1518.50%,+1010.99%,+61.75%,-70.00%,+101.00%,+404.00%,+2136.70%,+1772.20%,+1253.00%,+154.25%,-132.75%,+400.00%,+245.00%,+1933.00%,+1623.35%,+904.50%,+162.75%,-136.75%,+457.00%,+224.00%,+1325.00%,+710.00%,+923.50%,+51.00%,-39.00%,+103.00%,+66.00%,+24.00%
K60,陰影Sam,+295.35%,+266.60%,+306.60%,+43.75%,-41.50%,+385.16%,+282.24%,+1071.50%,+1393.50%,+896.99%,+49.00%,-68.75%,+90.00%,+322.00%,+2135.20%,+1529.20%,+1217.00%,+161.00%,-132.50%,+400.00%,+185.00%,+2088.00%,+1692.35%,+1109.00%,+169.75%,-144.75%,+519.00%,+261.00%,+1157.50%,+603.50%,+870.50%,+51.50%,-41.00%,+116.00%,+77.00%,+24.00%
K60,RONINtrike,+418.96%,+277.60%,+311.60%,+43.75%,-41.50%,+600.00%,+441.96%,+1525.00%,+1746.92%,+944.57%,+160.50%,-148.50%,+173.00%,+700.00%,+2023.50%,+1329.50%,+1004.00%,+182.50%,-138.75%,+504.00%,+369.00%,+2156.00%,+1343.00%,+937.00%,+192.75%,-140.75%,+588.00%,+308.00%,+2103.20%,+1074.70%,+1182.00%,+176.75%,-128.50%,+436.00%,+195.00%,+23.50%
K60,雪Snowy,+338.85%,+271.60%,+306.60%,+43.75%,-41.50%,+600.00%,+243.36%,+1173.00%,+1472.00%,+957.49%,+49.00%,-63.50%,+96.00%,+232.00%,+2248.70%,+1753.20%,+1226.00%,+167.25%,-132.50%,+467.00%,+283.00%,+2119.00%,+1721.35%,+913.50%,+171.25%,-140.75%,+498.00%,+297.00%,+1445.00%,+652.00%,+921.50%,+59.00%,-41.00%,+84.00%,+63.00%,+24.50%
K60,Lare,+315.10%,+258.10%,+268.60%,+41.50%,-41.50%,+398.40%,+285.48%,+926.00%,+1371.57%,+910.99%,+49.00%,-51.75%,+72.00%,+134.00%,+2229.20%,+1591.20%,+1270.50%,+160.50%,-143.25%,+316.00%,+194.00%,+1959.00%,+1676.35%,+1132.50%,+152.25%,-123.75%,+229.00%,+105.00%,+1188.00%,+639.50%,+814.00%,+54.50%,-41.00%,+49.00%,+46.00%,+24.00%
K60,Legendⁱᵃᵐ,+356.35%,+281.85%,+307.35%,+41.50%,-43.75%,+350.04%,+299.24%,+1041.50%,+1437.50%,+947.99%,+49.00%,-68.00%,+228.00%,+700.00%,+2014.70%,+1520.20%,+1158.00%,+158.25%,-146.75%,+574.00%,+411.00%,+1934.00%,+1560.35%,+1069.50%,+166.75%,-136.75%,+593.00%,+294.00%,+1161.00%,+712.00%,+889.50%,+51.00%,-49.00%,+258.00%,+146.00%,+22.00%
K60,°Silent°,+406.96%,+274.10%,+351.10%,+43.75%,-47.50%,+600.00%,+542.40%,+1800.00%,+2101.92%,+1125.57%,+186.50%,-209.50%,+239.00%,+700.00%,+2115.50%,+1487.50%,+944.00%,+197.75%,-188.50%,+588.00%,+420.00%,+2273.00%,+1570.00%,+1006.00%,+201.50%,-172.50%,+621.00%,+306.00%,+2204.70%,+1168.70%,+1363.50%,+176.75%,-184.50%,+372.00%,+171.00%,+24.00%
K91,•Pain•,+454.10%,+414.10%,+424.10%,+47.50%,-47.50%,+533.28%,+600.00%,+1713.20%,+2645.00%,+2272.70%,+186.50%,-236.50%,+714.00%,+900.00%,+2734.35%,+2128.00%,+1815.00%,+214.50%,-196.50%,+900.00%,+900.00%,+2056.50%,+1622.00%,+1504.35%,+214.50%,-194.50%,+900.00%,+663.00%,+1847.00%,+1291.50%,+1557.50%,+204.50%,-194.50%,+900.00%,+788.00%,+25.50%
K91,Trinità,+299.10%,+258.10%,+278.10%,+39.00%,-39.00%,+527.88%,+128.50%,+1194.50%,+1837.92%,+1144.07%,+55.25%,-52.75%,+109.00%,+588.00%,+2009.20%,+1309.00%,+1320.70%,+145.75%,-124.75%,+436.00%,+234.00%,+1675.50%,+1201.00%,+841.50%,+152.00%,-136.75%,+560.00%,+256.00%,+1464.35%,+731.50%,+923.50%,+46.00%,-25.00%,+146.00%,+63.00%,+24.00%
K91,λTλ⁵⁷βЄЧ,+378.96%,+281.10%,+316.60%,+43.75%,-41.50%,+600.00%,+174.52%,+906.20%,+1812.54%,+1256.07%,+142.75%,-154.50%,+180.00%,+502.00%,+1279.00%,+1267.00%,+970.70%,+150.25%,-134.75%,+290.00%,+126.00%,+2652.55%,+2082.70%,+1153.00%,+166.75%,-151.00%,+522.00%,+315.00%,+1119.70%,+636.70%,+431.00%,+62.00%,-48.50%,+117.00%,+86.00%,+24.50%
K91,Antoni,+362.21%,+266.60%,+260.60%,+41.50%,-41.50%,+547.00%,+177.50%,+938.20%,+1546.54%,+1089.07%,+56.05%,-55.05%,+213.00%,+263.00%,+1155.50%,+1056.00%,+718.70%,+148.25%,-136.75%,+114.00%,+77.00%,+2257.55%,+1646.70%,+795.00%,+154.25%,-123.75%,+430.00%,+299.00%,+1159.70%,+759.20%,+400.00%,+60.75%,-47.25%,+96.00%,+77.00%,+22.00%
K91,Nixxx,+364.21%,+243.10%,+277.60%,+41.50%,-40.00%,+587.04%,+184.32%,+874.70%,+1641.04%,+1180.57%,+63.75%,-67.00%,+106.00%,+344.00%,+1131.00%,+965.00%,+694.70%,+142.00%,-116.50%,+237.00%,+99.00%,+2680.55%,+1968.70%,+1034.00%,+167.00%,-153.00%,+608.00%,+431.00%,+1097.70%,+642.20%,+390.50%,+54.50%,-25.00%,+107.00%,+63.00%,+23.00%
K91,TatyToy,+343.71%,+227.60%,+261.60%,+41.50%,-40.00%,+427.32%,+64.40%,+539.20%,+1455.04%,+905.57%,+41.00%,-48.75%,+92.00%,+203.00%,+1135.50%,+964.00%,+626.70%,+113.50%,-97.00%,+220.00%,+116.00%,+2223.55%,+1693.70%,+775.00%,+150.25%,-130.50%,+316.00%,+171.00%,+918.20%,+538.20%,+320.50%,+47.50%,-25.00%,+109.00%,+58.00%,+21.50%
K91,AMANTIS,+353.71%,+263.60%,+283.60%,+41.50%,-40.00%,+502.62%,+42.98%,+787.20%,+1583.54%,+1074.07%,+55.25%,-58.50%,+195.00%,+256.00%,+1184.00%,+978.00%,+665.70%,+150.25%,-122.75%,+115.00%,+118.00%,+2348.55%,+1748.20%,+970.50%,+160.50%,-148.75%,+425.00%,+293.00%,+1047.70%,+632.20%,+424.50%,+51.00%,-25.00%,+90.00%,+80.00%,+23.00%
K91,Milhaus,+367.21%,+271.10%,+311.10%,+40.00%,-39.00%,+600.00%,+273.84%,+960.20%,+1940.54%,+1497.07%,+136.50%,-143.75%,+226.00%,+566.00%,+1291.00%,+1130.50%,+817.20%,+146.75%,-116.50%,+147.00%,+96.00%,+2547.55%,+1959.70%,+1150.00%,+160.50%,-148.75%,+520.00%,+327.00%,+1080.70%,+687.20%,+444.50%,+123.00%,-97.00%,+110.00%,+76.00%,+24.50%
K91,金灵蛇,+347.21%,+230.60%,+264.60%,+41.50%,-41.50%,+600.00%,+137.18%,+808.20%,+1729.04%,+1131.57%,+89.00%,-104.00%,+81.00%,+249.00%,+1141.00%,+938.00%,+568.70%,+142.50%,-124.50%,+125.00%,+62.00%,+2445.55%,+1799.70%,+883.00%,+161.00%,-130.50%,+426.00%,+208.00%,+1035.70%,+568.20%,+335.50%,+47.00%,-25.00%,+76.00%,+58.00%,+24.00%
K91,Nico•,+262.11%,+183.50%,+229.00%,+40.00%,-39.00%,+475.78%,+1.78%,+760.70%,+1417.54%,+957.07%,+47.00%,-54.75%,+61.00%,+303.00%,+1200.50%,+962.00%,+684.70%,+138.25%,-120.75%,+294.00%,+150.00%,+2195.55%,+1632.70%,+835.00%,+147.00%,-134.75%,+341.00%,+204.00%,+932.70%,+626.20%,+348.50%,+35.00%,-21.00%,+84.00%,+49.00%,+20.00%
K91,†LORD•ZARIEL†,+308.71%,+232.10%,+266.60%,+41.50%,-40.00%,+424.98%,+3.98%,+671.70%,+1491.54%,+995.07%,+33.00%,-58.25%,+106.00%,+187.00%,+1155.50%,+1032.00%,+669.70%,+140.75%,-128.50%,+134.00%,+106.00%,+2266.55%,+1710.70%,+790.00%,+146.75%,-136.75%,+310.00%,+228.00%,+964.20%,+538.20%,+297.50%,+51.00%,-25.00%,+72.00%,+61.00%,+22.00%
K91,TÜRK 81,+359.21%,+245.60%,+270.60%,+41.50%,-41.50%,+601.00%,+150.32%,+884.20%,+1724.54%,+1168.07%,+55.25%,-67.00%,+136.00%,+281.00%,+1201.00%,+1030.00%,+706.70%,+148.25%,-136.75%,+148.00%,+60.00%,+2607.55%,+1907.70%,+1029.00%,+169.00%,-144.75%,+509.00%,+317.00%,+1059.70%,+636.20%,+397.50%,+54.50%,-41.00%,+73.00%,+58.00%,+23.50%
K91,A†RO/,+306.71%,+248.60%,+244.60%,+40.00%,-41.50%,+444.28%,0.00%,+786.20%,+1543.54%,+1103.07%,+55.25%,-60.00%,+146.00%,+182.00%,+1073.00%,+946.00%,+578.70%,+135.50%,-124.50%,+111.00%,+77.00%,+2342.55%,+1766.70%,+922.00%,+156.00%,-140.75%,+345.00%,+266.00%,+1026.70%,+570.20%,+325.50%,+46.00%,-25.00%,+76.00%,+62.00%,+21.50%
K91,Skrapz,+372.85%,+312.85%,+367.85%,+43.75%,-43.75%,+600.00%,+417.08%,+1663.50%,+2217.92%,+1402.07%,+144.75%,-195.00%,+434.00%,+700.00%,+2353.70%,+1470.00%,+1315.70%,+169.50%,-175.00%,+700.00%,+534.00%,+2092.50%,+1438.00%,+1028.00%,+169.50%,-166.75%,+700.00%,+497.00%,+1781.35%,+1028.50%,+1370.50%,+165.75%,-166.75%,+649.00%,+334.00%,+25.00%
K91,JustBlaze,+341.10%,+306.60%,+319.10%,+41.50%,-41.50%,+441.60%,+189.28%,+1227.50%,+1906.42%,+1218.57%,+55.25%,-67.00%,+202.00%,+473.00%,+2113.70%,+1594.00%,+1542.70%,+148.25%,-136.75%,+422.00%,+220.00%,+1681.50%,+1114.00%,+820.00%,+169.00%,-144.75%,+593.00%,+364.00%,+1399.85%,+766.50%,+1040.00%,+54.50%,-41.00%,+135.00%,+90.00%,+22.00%
K91,KaladinTheHerald,+334.60%,+277.10%,+337.10%,+41.50%,-47.50%,+588.48%,+126.00%,+1402.50%,+2082.92%,+1317.07%,+55.25%,-94.50%,+144.00%,+626.00%,+2386.70%,+1713.00%,+1562.70%,+165.25%,-176.00%,+575.00%,+358.00%,+1637.50%,+1122.00%,+711.00%,+165.75%,-145.75%,+420.00%,+266.00%,+1424.85%,+736.50%,+840.00%,+70.00%,-73.00%,+171.00%,+69.00%,+24.00%
K91,Crash,+285.60%,+247.10%,+278.10%,+40.00%,-39.00%,+358.68%,+242.52%,+1226.00%,+1616.49%,+737.07%,+55.25%,-56.25%,+98.00%,+306.00%,+2073.70%,+1497.00%,+1448.70%,+153.00%,-128.75%,+350.00%,+240.00%,+1415.50%,+992.00%,+631.00%,+56.25%,-57.25%,+271.00%,+126.00%,+1200.35%,+591.50%,+841.50%,+47.50%,-25.00%,+78.00%,+64.00%,+21.50%
K91,WindRunner,+318.71%,+232.10%,+254.60%,+41.50%,-39.00%,+483.84%,+78.68%,+566.20%,+1539.54%,+1012.50%,+41.00%,-55.25%,+83.00%,+187.00%,+1021.50%,+836.00%,+563.70%,+136.50%,-122.50%,+78.00%,+58.00%,+2400.05%,+1718.70%,+872.00%,+157.00%,-140.75%,+365.00%,+192.00%,+1015.70%,+538.20%,+310.50%,+41.00%,-25.00%,+66.00%,+54.00%,+22.50%
K91,•Scorpio•NM85,+334.21%,+242.10%,+285.10%,+41.50%,-41.50%,+420.28%,+50.30%,+889.70%,+1539.54%,+816.07%,+49.00%,-65.75%,+88.00%,+301.00%,+1235.00%,+1041.00%,+664.70%,+152.25%,-130.75%,+201.00%,+133.00%,+2311.55%,+1688.70%,+775.50%,+156.50%,-142.50%,+270.00%,+162.00%,+1108.70%,+566.20%,+414.50%,+51.00%,-25.00%,+206.00%,+119.00%,+22.50%
K91,•BigBoss•NM85,+357.71%,+242.60%,+289.10%,+41.50%,-41.50%,+448.04%,+49.64%,+756.70%,+1461.12%,+1135.92%,+51.00%,-66.75%,+144.00%,+546.00%,+1091.00%,+1011.50%,+454.85%,+115.25%,-107.25%,+305.00%,+177.00%,+2275.55%,+1494.00%,+1025.20%,+143.75%,-145.25%,+433.00%,+253.00%,+1105.55%,+547.70%,+414.50%,+47.50%,-41.00%,+173.00%,+94.00%,+22.00%
K116,Jesse,+489.10%,+372.85%,+407.85%,+47.50%,-43.75%,+600.00%,+601.00%,+1932.70%,+2639.00%,+2086.70%,+196.50%,-216.00%,+700.00%,+900.00%,+2443.35%,+1908.00%,+1635.50%,+210.75%,-172.50%,+900.00%,+900.00%,+2064.00%,+1590.00%,+1379.35%,+204.50%,-194.50%,+900.00%,+700.00%,+1816.00%,+1264.00%,+1686.00%,+193.50%,-160.50%,+700.00%,+700.00%,+23.00%
K116,逍遥大官人,+273.60%,+244.60%,+275.60%,+40.00%,-37.50%,+286.60%,+290.20%,+1071.00%,+1998.42%,+1236.07%,+144.50%,-144.65%,+67.00%,+252.00%,+1910.95%,+1359.00%,+1331.70%,+144.65%,-116.25%,+249.00%,+152.00%,+1334.25%,+910.00%,+573.00%,+69.15%,-64.40%,+185.00%,+115.00%,+1199.10%,+680.00%,+893.50%,+37.15%,-13.00%,+109.00%,+47.00%,+13.50%
K116,苦瓜大王,+349.35%,+325.10%,+356.10%,+43.75%,-41.50%,+515.52%,+553.08%,+1766.20%,+2049.00%,+1708.70%,+128.50%,-158.50%,+374.00%,+700.00%,+2398.35%,+1327.00%,+1046.50%,+151.25%,-134.75%,+700.00%,+538.00%,+2100.00%,+1342.00%,+1216.35%,+155.25%,-144.75%,+672.00%,+410.00%,+1559.00%,+898.50%,+1197.50%,+139.00%,-128.50%,+210.00%,+132.00%,+23.50%
K116,Derek,+316.10%,+264.10%,+295.10%,+41.50%,-41.50%,+315.30%,+317.60%,+1271.70%,+1873.07%,+1538.70%,+144.75%,-156.50%,+165.00%,+285.00%,+2078.35%,+1513.00%,+1172.00%,+155.00%,-136.75%,+361.00%,+265.00%,+1383.00%,+1056.00%,+864.35%,+84.85%,-87.85%,+108.00%,+77.00%,+1105.00%,+808.50%,+1048.00%,+91.75%,-75.50%,+81.00%,+69.00%,+23.50%
K116,陶渊明,+268.10%,+229.60%,+261.60%,+37.50%,-39.00%,+230.08%,+177.28%,+1315.70%,+1626.07%,+1356.70%,+132.50%,-136.25%,+86.00%,+207.00%,+1874.60%,+1331.00%,+1032.00%,+143.15%,-128.75%,+303.00%,+175.00%,+1478.25%,+1159.00%,+939.85%,+129.75%,-130.50%,+110.00%,+66.00%,+1138.75%,+644.50%,+845.50%,+79.15%,-59.50%,+76.00%,+56.00%,+17.00%
K116,开始摆烂,+269.60%,+213.60%,+291.60%,+41.50%,-41.50%,+417.92%,+277.32%,+580.70%,+1117.42%,+1574.12%,+160.50%,-151.00%,+64.00%,+375.00%,+2329.05%,+1848.05%,+918.50%,+173.00%,-134.75%,+431.00%,+183.00%,+1250.70%,+673.70%,+924.70%,+167.50%,-136.75%,+264.00%,+101.00%,+1039.00%,+427.00%,+917.00%,+144.75%,-128.50%,+127.00%,+57.00%,+21.00%
K116,山君,+318.10%,+285.60%,+305.60%,+41.50%,-41.50%,+438.64%,+418.84%,+866.70%,+1112.57%,+1394.12%,+142.75%,-154.50%,+147.00%,+412.00%,+2388.55%,+1805.70%,+978.50%,+162.75%,-134.75%,+473.00%,+320.00%,+2026.50%,+1718.35%,+1100.85%,+156.50%,-142.75%,+372.00%,+152.00%,+1424.00%,+570.00%,+1182.00%,+142.00%,-128.50%,+202.00%,+92.00%,+22.00%
K116,汰需尚青,+392.85%,+392.85%,+432.85%,+43.75%,-43.75%,+600.00%,+601.00%,+2126.70%,+2086.00%,+1811.70%,+196.50%,-199.25%,+700.00%,+700.00%,+2230.35%,+1542.00%,+1311.50%,+168.50%,-151.00%,+700.00%,+700.00%,+2246.50%,+1474.00%,+1364.35%,+184.75%,-194.50%,+700.00%,+700.00%,+1703.50%,+1203.50%,+1603.50%,+136.50%,-136.50%,+700.00%,+700.00%,+21.50%
K116,独守孤城,+348.85%,+307.35%,+333.85%,+41.50%,-41.50%,+533.80%,+238.72%,+770.70%,+1206.99%,+1307.70%,+136.50%,-154.50%,+255.00%,+421.00%,+2441.05%,+1659.00%,+1281.20%,+150.25%,-134.75%,+442.00%,+243.00%,+2186.00%,+1309.50%,+1492.85%,+162.75%,-144.75%,+532.00%,+349.00%,+1698.35%,+630.50%,+1241.50%,+148.25%,-128.50%,+199.00%,+171.00%,+24.00%
K116,Yuke,+336.21%,+178.60%,+231.10%,+37.50%,-39.00%,+351.52%,+121.46%,+541.70%,+1287.12%,+971.42%,+120.50%,-132.65%,+70.00%,+132.00%,+1193.75%,+1084.00%,+711.85%,+79.65%,-63.00%,+85.00%,+58.00%,+2240.80%,+1049.00%,+767.70%,+138.00%,-126.50%,+416.00%,+234.00%,+1005.80%,+523.70%,+330.00%,+60.85%,-28.70%,+39.00%,+42.00%,+12.00%
K116,不可理喻,+351.10%,+301.10%,+347.10%,+41.50%,-41.50%,+600.00%,+342.68%,+1452.00%,+2136.42%,+1317.07%,+136.50%,-158.50%,+178.00%,+700.00%,+2233.70%,+1333.00%,+1253.20%,+156.50%,-134.75%,+700.00%,+434.00%,+1977.00%,+1239.50%,+887.50%,+156.50%,-144.75%,+626.00%,+332.00%,+1702.35%,+709.00%,+1093.00%,+148.25%,-128.50%,+546.00%,+257.00%,+20.50%
K116,懒洋洋爱看腿,+362.10%,+291.60%,+331.10%,+41.50%,-41.50%,+601.00%,+290.76%,+1271.70%,+1579.57%,+1789.12%,+142.75%,-160.75%,+190.00%,+616.00%,+2357.05%,+1545.70%,+730.50%,+152.25%,-134.75%,+509.00%,+293.00%,+2153.00%,+1272.35%,+972.35%,+160.50%,-144.75%,+700.00%,+339.00%,+1514.00%,+536.00%,+1183.00%,+140.50%,-128.50%,+177.00%,+87.00%,+23.00%
K116,蜜蜜°,+319.60%,+299.10%,+302.60%,+41.50%,-41.50%,+600.00%,+412.08%,+948.20%,+1445.99%,+1564.70%,+134.75%,-148.75%,+454.00%,+630.00%,+1912.05%,+1326.00%,+904.20%,+148.75%,-136.75%,+462.00%,+275.00%,+1959.00%,+1538.00%,+1304.35%,+150.75%,-136.75%,+542.00%,+354.00%,+1598.35%,+640.00%,+1239.00%,+144.75%,-132.50%,+551.00%,+387.00%,+22.50%
K116,红烧狮子头,+323.85%,+253.60%,+309.10%,+41.50%,-41.50%,+497.48%,+424.64%,+1241.00%,+1843.42%,+1031.07%,+136.50%,-160.75%,+103.00%,+476.00%,+2258.70%,+1544.00%,+1531.20%,+159.25%,-134.75%,+442.00%,+270.00%,+2027.00%,+1319.00%,+1268.00%,+148.00%,-138.50%,+447.00%,+205.00%,+1591.35%,+861.50%,+1159.00%,+142.50%,-128.50%,+131.00%,+86.00%,+23.50%
K116,那时像风一样,+333.35%,+295.10%,+309.10%,+41.50%,-41.50%,+458.76%,+416.48%,+1158.50%,+1902.42%,+1115.07%,+136.50%,-154.50%,+173.00%,+420.00%,+2330.20%,+1689.00%,+1641.20%,+166.75%,-134.75%,+570.00%,+368.00%,+2082.00%,+1167.50%,+1107.00%,+156.50%,-138.50%,+391.00%,+175.00%,+1628.35%,+807.00%,+1102.00%,+142.00%,-128.50%,+210.00%,+111.00%,+22.50%
K116,芙蕾魚,+157.50%,+218.60%,+223.10%,+1.00%,-38.50%,+161.78%,+233.50%,+1129.50%,+1716.42%,+1015.57%,+116.00%,-126.50%,+138.00%,+277.00%,+1659.70%,+1139.50%,+912.20%,+127.00%,-116.50%,+330.00%,+191.50%,+1288.00%,+896.00%,+563.50%,+42.00%,-28.00%,+171.00%,+117.00%,+1313.85%,+562.00%,+847.50%,+39.50%,-25.00%,+100.50%,+72.50%,+20.00%
K116,ALI,+287.21%,+260.10%,+263.10%,+40.00%,-40.00%,+284.92%,+262.20%,+1566.70%,+2120.12%,+1246.50%,+121.25%,-148.00%,+127.00%,+183.00%,+841.75%,+887.00%,+778.35%,+38.80%,-35.80%,+48.00%,+52.00%,+2002.60%,+1467.00%,+624.00%,+144.35%,-126.50%,+170.00%,+129.00%,+882.95%,+841.70%,+309.50%,+42.35%,-25.00%,+48.00%,+45.00%,+21.00%
K116,不可盾号,+225.71%,+174.10%,+194.10%,+37.50%,-38.25%,+82.82%,+115.20%,+1102.20%,+1680.45%,+852.00%,+106.00%,-112.50%,+19.50%,+132.50%,+742.50%,+563.00%,+504.85%,+20.65%,-27.00%,+31.50%,+20.00%,+1485.85%,+851.50%,+285.00%,+106.35%,-106.00%,+148.50%,+69.50%,+617.70%,+630.60%,+130.50%,+16.50%,-9.00%,+25.00%,+20.00%,+12.00%
K116,光之使者,+451.10%,+406.10%,+411.10%,+43.75%,-43.75%,+600.00%,+600.00%,+1683.70%,+2413.00%,+1891.70%,+138.50%,-156.50%,+700.00%,+700.00%,+1932.35%,+1581.00%,+1221.50%,+154.50%,-136.75%,+700.00%,+700.00%,+2201.50%,+1675.00%,+1511.35%,+154.50%,-142.75%,+700.00%,+700.00%,+1907.00%,+1189.00%,+1633.00%,+148.25%,-134.75%,+700.00%,+630.00%,+24.50%
K116,逍遥浪四月,+311.10%,+255.10%,+282.10%,+41.50%,-40.00%,+373.32%,+272.64%,+1429.20%,+1515.00%,+1141.70%,+132.50%,-139.75%,+121.00%,+378.00%,+1908.85%,+1420.00%,+1154.50%,+147.25%,-122.75%,+490.00%,+280.00%,+1796.00%,+1184.00%,+1239.35%,+140.75%,-142.50%,+291.00%,+206.00%,+1305.00%,+736.00%,+1038.50%,+80.50%,-63.50%,+103.00%,+57.00%,+21.50%
K138,(RaW)༺博卡Ajax༻,+379.35%,+332.35%,+343.35%,+43.75%,-43.75%,+600.00%,+471.92%,+1419.00%,+2106.00%,+1634.49%,+144.75%,-167.50%,+213.00%,+700.00%,+2388.20%,+1937.20%,+1338.50%,+165.75%,-144.75%,+504.00%,+304.00%,+1845.50%,+1465.35%,+996.50%,+173.50%,-134.75%,+465.00%,+233.00%,+1692.50%,+969.50%,+1256.50%,+176.75%,-140.50%,+357.00%,+218.00%,+24.00%
K138,(RaW)Venom毒液,+298.60%,+249.60%,+269.60%,+39.00%,-39.00%,+315.52%,+227.56%,+790.70%,+1571.62%,+1199.07%,+128.50%,-138.00%,+80.00%,+239.00%,+1424.50%,+1127.50%,+781.20%,+146.50%,-122.75%,+206.00%,+119.00%,+2253.55%,+1660.70%,+1110.00%,+152.50%,-128.75%,+334.00%,+212.00%,+1066.50%,+387.50%,+832.50%,+116.70%,-103.20%,+43.00%,+38.00%,+22.00%
K138,(RaW)༺JOJO༻,+306.35%,+220.10%,+262.60%,+43.75%,-40.00%,+419.60%,+409.04%,+1074.50%,+1536.07%,+1050.42%,+142.75%,-148.00%,+67.00%,+200.00%,+2014.20%,+1669.70%,+872.00%,+171.75%,-130.50%,+267.00%,+145.00%,+2011.00%,+1639.85%,+1025.00%,+171.50%,-136.75%,+299.00%,+181.00%,+1253.00%,+703.50%,+898.00%,+156.00%,-112.50%,+71.00%,+56.00%,+25.00%
K138,(RaW)SLAP,+376.35%,+297.35%,+323.35%,+43.75%,-43.75%,+600.00%,+348.00%,+1150.70%,+1366.99%,+1334.70%,+160.50%,-171.75%,+228.00%,+700.00%,+2481.55%,+1330.50%,+952.20%,+186.50%,-142.75%,+560.00%,+378.00%,+2175.50%,+1111.00%,+881.85%,+188.75%,-136.75%,+603.00%,+349.00%,+2043.85%,+432.50%,+1030.50%,+180.75%,-136.50%,+476.00%,+175.00%,+24.00%
K138,(RaW)༺Aryz༻,+323.85%,+267.10%,+316.60%,+43.75%,-41.50%,+450.56%,+437.36%,+1222.00%,+1581.00%,+1066.49%,+142.75%,-152.25%,+166.00%,+328.00%,+2424.70%,+1776.20%,+986.50%,+174.00%,-134.75%,+406.00%,+248.00%,+2115.50%,+1728.35%,+1255.00%,+177.75%,-144.75%,+485.00%,+227.00%,+1574.50%,+839.50%,+1145.50%,+165.75%,-128.50%,+299.00%,+154.00%,+24.00%
K138,(RaW)©•SGT©•,+322.35%,+254.35%,+282.85%,+43.75%,-41.50%,+293.52%,+250.08%,+847.70%,+1318.20%,+1231.49%,+142.75%,-165.25%,+129.00%,+433.00%,+2040.70%,+1427.20%,+837.85%,+171.75%,-136.50%,+304.00%,+130.00%,+2225.85%,+1665.35%,+1107.00%,+175.50%,-146.75%,+587.00%,+280.00%,+1233.00%,+393.50%,+956.50%,+64.50%,-49.00%,+82.00%,+66.00%,+21.50%
K138,(RaW)༺Frankie༻,+350.85%,+295.85%,+319.85%,+43.75%,-43.75%,+600.00%,+345.44%,+1665.00%,+1967.42%,+1119.07%,+142.75%,-179.75%,+214.00%,+700.00%,+2300.20%,+1466.50%,+1249.20%,+174.00%,-166.75%,+524.00%,+420.00%,+2073.50%,+1423.00%,+962.50%,+171.50%,-144.75%,+537.00%,+352.00%,+2027.85%,+969.50%,+1288.50%,+165.75%,-160.50%,+431.00%,+248.00%,+23.00%
K138,(RaW)Critykal,+417.85%,+327.85%,+334.85%,+43.75%,-43.75%,+432.20%,+309.28%,+1217.70%,+1763.99%,+1565.70%,+160.50%,-179.50%,+347.00%,+700.00%,+2644.55%,+1860.50%,+1038.20%,+192.75%,-170.50%,+603.00%,+404.00%,+1849.50%,+1514.00%,+1207.35%,+188.75%,-144.75%,+608.00%,+374.00%,+1846.85%,+597.50%,+1261.50%,+176.75%,-166.75%,+371.00%,+209.00%,+23.50%
K138,(RaW)Maddog,+323.85%,+263.10%,+284.60%,+43.75%,-41.50%,+541.56%,+373.64%,+1241.50%,+1752.00%,+1280.49%,+128.50%,-155.00%,+131.00%,+603.00%,+2295.70%,+1399.20%,+1110.50%,+170.50%,-128.50%,+256.00%,+151.00%,+2039.50%,+1733.35%,+1272.50%,+176.00%,-144.75%,+437.00%,+221.00%,+1499.50%,+864.50%,+1168.50%,+165.75%,-128.50%,+156.00%,+86.00%,+23.50%
K138,(RaW)BEYKOZLU,+307.60%,+258.10%,+306.60%,+41.50%,-41.50%,+280.96%,+258.40%,+1196.70%,+1547.20%,+1478.49%,+142.75%,-154.50%,+89.00%,+403.00%,+2233.20%,+1577.70%,+862.35%,+156.50%,-140.75%,+386.00%,+203.00%,+1991.85%,+1411.35%,+958.50%,+152.25%,-144.75%,+300.00%,+118.00%,+1442.00%,+597.50%,+1193.50%,+138.50%,-128.50%,+124.00%,+73.00%,+23.50%
K138,(RaW)Nightmare,+265.10%,+250.60%,+286.60%,+41.50%,-40.00%,+374.96%,+347.60%,+1069.50%,+1581.07%,+1184.49%,+164.50%,-148.00%,+92.00%,+188.00%,+2028.20%,+1623.20%,+879.50%,+167.50%,-126.50%,+282.00%,+127.00%,+2018.00%,+1610.85%,+1075.50%,+173.75%,-134.75%,+316.00%,+196.00%,+1147.50%,+609.50%,+813.50%,+80.00%,-57.50%,+48.00%,+40.00%,+21.50%
K138,(RaW)MARYEL,+319.60%,+258.60%,+305.10%,+43.75%,-41.50%,+456.64%,+312.00%,+1206.50%,+1752.00%,+1280.49%,+136.50%,-158.50%,+113.00%,+456.00%,+2107.20%,+1650.20%,+850.00%,+154.25%,-128.50%,+224.00%,+128.00%,+2023.50%,+1704.35%,+1249.50%,+160.50%,-148.75%,+322.00%,+186.00%,+1455.50%,+824.00%,+1158.00%,+138.50%,-128.50%,+140.00%,+85.00%,+22.50%
K138,(RaW)༺惊鸿༻,+334.60%,+276.10%,+298.60%,+41.50%,-41.50%,+600.00%,+252.96%,+898.70%,+1140.99%,+1239.70%,+84.75%,-75.25%,+64.00%,+411.00%,+2217.55%,+1225.50%,+1139.20%,+165.25%,-128.50%,+291.00%,+103.00%,+2150.50%,+1648.00%,+1424.85%,+177.50%,-143.00%,+626.00%,+354.00%,+1484.35%,+454.50%,+895.00%,+54.50%,-41.00%,+69.00%,+53.00%,+23.00%
K138,(RaW)让世界沐浴在血中,+316.85%,+283.10%,+301.60%,+43.75%,-41.50%,+454.40%,+488.96%,+1504.50%,+1720.42%,+1000.07%,+166.75%,-147.00%,+158.00%,+542.00%,+2214.20%,+1334.50%,+1239.20%,+185.00%,-138.75%,+425.00%,+281.00%,+2061.50%,+1278.00%,+886.50%,+184.50%,-128.75%,+593.00%,+276.00%,+2055.85%,+826.50%,+1055.50%,+165.75%,-130.50%,+400.00%,+168.00%,+24.50%
K138,(RaW)YAMI,+356.60%,+309.10%,+321.60%,+41.50%,-41.50%,+600.00%,+267.80%,+1030.70%,+1036.57%,+1214.62%,+47.00%,-55.25%,+194.00%,+546.00%,+2398.55%,+1531.20%,+649.50%,+158.50%,-132.75%,+523.00%,+320.00%,+1672.50%,+1199.35%,+916.85%,+148.00%,-124.50%,+334.00%,+177.00%,+1752.50%,+493.50%,+1057.50%,+144.75%,-130.50%,+434.00%,+199.00%,+20.00%
K138,(RaW)༺ⓉⒶⓇⓉⒶⓇ༻,+285.60%,+251.60%,+255.60%,+41.50%,-41.50%,+454.28%,+285.16%,+1181.00%,+1756.00%,+1191.49%,+142.75%,-152.75%,+108.00%,+389.00%,+1984.20%,+1674.20%,+878.50%,+148.00%,-132.50%,+212.00%,+130.00%,+2058.50%,+1671.35%,+1120.50%,+160.50%,-132.75%,+415.00%,+240.00%,+1259.00%,+724.50%,+934.00%,+81.50%,-75.50%,+145.00%,+97.00%,+23.50%
K138,(RaW)PPP_253,+276.71%,+234.10%,+260.60%,+41.50%,-41.50%,+190.72%,+189.92%,+772.70%,+1694.04%,+1228.50%,+146.75%,-157.75%,+102.00%,+182.00%,+905.75%,+917.50%,+643.20%,+78.15%,-71.50%,+74.00%,+69.00%,+2149.30%,+1671.70%,+854.50%,+147.75%,-148.75%,+319.00%,+160.00%,+860.45%,+655.20%,+385.50%,+71.65%,-59.50%,+51.00%,+46.00%,+16.50%
K138,(RaW)GoŁΛ,+279.10%,+174.00%,+247.50%,+41.50%,-40.00%,+405.64%,+214.72%,+676.20%,+1331.62%,+1097.07%,+51.00%,-58.50%,+158.00%,+215.00%,+1454.50%,+920.50%,+581.20%,+150.75%,-116.50%,+172.00%,+85.00%,+2337.05%,+1716.20%,+1118.50%,+160.50%,-151.25%,+337.00%,+196.00%,+1172.50%,+360.50%,+881.50%,+45.50%,-25.00%,+78.00%,+55.00%,+21.00%
K138,(RaW)Baqi,+285.35%,+259.10%,+292.10%,+41.50%,-41.50%,+600.00%,+276.80%,+1168.00%,+1629.00%,+1214.49%,+136.50%,-162.50%,+72.00%,+321.00%,+2116.70%,+1708.20%,+888.50%,+150.25%,-128.50%,+408.00%,+184.00%,+2127.50%,+1743.35%,+1243.00%,+166.75%,-144.75%,+417.00%,+195.00%,+1438.50%,+710.50%,+968.00%,+138.50%,-128.50%,+145.00%,+81.00%,+24.50%
K138,(RaW)༺飞K༻,+308.21%,+224.60%,+278.10%,+40.00%,-40.00%,+531.64%,+58.64%,+765.20%,+1557.04%,+1041.57%,+53.00%,-64.00%,+112.00%,+301.00%,+1166.50%,+965.50%,+589.70%,+141.75%,-124.50%,+134.00%,+77.00%,+2399.55%,+1617.70%,+684.00%,+148.00%,-146.50%,+326.00%,+144.00%,+1009.20%,+521.70%,+329.50%,+39.50%,-25.00%,+59.00%,+47.00%,+22.00%
K138,(RaW)ϟCrozyϟ,+375.20%,+316.34%,+353.34%,+41.50%,-43.75%,+500.12%,+600.00%,+1619.00%,+2560.92%,+1930.99%,+138.50%,-216.00%,+243.00%,+700.00%,+1261.50%,+1284.50%,+1111.85%,+154.50%,-160.50%,+542.00%,+319.00%,+2350.20%,+1920.70%,+684.50%,+158.25%,-186.50%,+423.00%,+191.00%,+888.50%,+1372.20%,+1116.20%,+140.75%,-166.75%,+430.00%,+371.00%,+24.00%
K170,(AOT)SanSW°,+398.71%,+288.85%,+380.85%,+43.75%,-43.75%,+399.80%,+600.00%,+1500.20%,+2841.05%,+1664.07%,+144.75%,-211.50%,+105.00%,+700.00%,+1838.50%,+1746.00%,+1416.35%,+162.75%,-168.75%,+603.00%,+389.00%,+1788.85%,+1292.00%,+590.00%,+156.50%,-190.75%,+418.00%,+182.00%,+940.70%,+1171.70%,+859.00%,+137.50%,-160.50%,+176.00%,+102.00%,+25.50%
K170,(AOT)Fenixx,+289.35%,+261.10%,+302.10%,+43.75%,-40.00%,+499.12%,+368.16%,+628.70%,+756.57%,+1154.12%,+55.25%,-64.00%,+106.00%,+455.00%,+2335.05%,+1792.70%,+675.50%,+161.00%,-132.75%,+300.00%,+203.00%,+2054.50%,+1534.35%,+1201.35%,+173.50%,-144.75%,+498.00%,+298.00%,+1526.00%,+535.00%,+1172.00%,+147.00%,-112.50%,+216.00%,+111.00%,+25.00%
K170,(AOT)D®a©o,+307.10%,+257.60%,+280.60%,+41.50%,-41.50%,+453.28%,+306.12%,+712.20%,+898.57%,+1254.12%,+49.00%,-71.00%,+118.00%,+383.00%,+2097.05%,+1498.70%,+920.00%,+154.25%,-134.75%,+364.00%,+204.00%,+2018.50%,+1574.85%,+1185.85%,+166.75%,-144.75%,+476.00%,+219.00%,+1295.00%,+450.00%,+976.00%,+134.50%,-128.50%,+103.00%,+64.00%,+23.50%
K170,(AOT)Themechanic,+336.35%,+260.10%,+279.10%,+43.75%,-40.00%,+423.32%,+401.28%,+906.70%,+1272.20%,+1091.49%,+166.75%,-151.50%,+120.00%,+309.00%,+2225.20%,+1841.70%,+771.35%,+182.50%,-130.50%,+320.00%,+159.00%,+2303.85%,+1741.35%,+1221.00%,+192.75%,-148.75%,+509.00%,+264.00%,+1493.00%,+495.00%,+1144.00%,+156.00%,-112.50%,+182.00%,+114.00%,+25.50%
K170,(AOT)Aauudd,+333.60%,+257.60%,+289.10%,+41.50%,-41.50%,+404.52%,+400.72%,+869.20%,+1672.20%,+1653.49%,+138.50%,-166.75%,+192.00%,+700.00%,+2040.20%,+1716.70%,+971.35%,+152.25%,-130.50%,+365.00%,+183.00%,+1827.85%,+1327.35%,+861.50%,+160.75%,-142.75%,+437.00%,+230.00%,+1366.00%,+619.00%,+1144.00%,+138.50%,-128.50%,+169.00%,+102.00%,+24.00%
K170,(AOT)Brauni°,+321.35%,+232.60%,+265.60%,+40.00%,-38.50%,+472.48%,+160.20%,+1074.70%,+999.57%,+1313.12%,+138.50%,-134.00%,+89.00%,+145.00%,+2055.05%,+1345.70%,+535.00%,+146.25%,-119.50%,+151.00%,+83.00%,+2020.00%,+1399.35%,+1017.35%,+165.50%,-127.75%,+510.00%,+305.00%,+1330.00%,+392.00%,+803.00%,+47.00%,-23.00%,+52.00%,+32.00%,+22.50%
K170,(AOT)Kelley,+285.85%,+273.60%,+284.60%,+43.75%,-41.50%,+357.16%,+308.80%,+1259.70%,+1520.20%,+1305.49%,+142.75%,-144.75%,+249.00%,+509.00%,+2279.20%,+1764.70%,+1081.35%,+172.00%,-137.75%,+383.00%,+202.00%,+2033.85%,+1421.35%,+971.50%,+182.75%,-141.75%,+582.00%,+408.00%,+1487.50%,+480.00%,+920.50%,+159.50%,-128.50%,+160.00%,+124.00%,+23.50%
K170,(AOT)鸣鸣鸣,+327.35%,+291.10%,+304.60%,+43.75%,-41.50%,+554.56%,+192.08%,+844.70%,+1311.20%,+1274.49%,+49.00%,-76.00%,+79.00%,+279.00%,+2330.05%,+1508.70%,+966.00%,+171.75%,-128.50%,+263.00%,+110.00%,+2171.50%,+1727.35%,+1386.35%,+185.75%,-136.75%,+518.00%,+304.00%,+1419.50%,+452.00%,+933.50%,+156.00%,-128.50%,+94.00%,+84.00%,+24.50%
K170,(AOT)aweirdmind,+319.85%,+271.35%,+281.35%,+43.75%,-43.75%,+520.36%,+415.88%,+753.20%,+1365.62%,+920.07%,+49.00%,-73.00%,+104.00%,+351.00%,+2371.05%,+1754.00%,+1285.70%,+176.50%,-169.25%,+394.00%,+285.00%,+2208.50%,+1731.00%,+1045.35%,+184.00%,-123.75%,+509.00%,+250.00%,+1489.35%,+626.50%,+939.00%,+156.00%,-160.50%,+101.00%,+36.00%,+24.00%
K170,(AOT)Panda,+355.85%,+296.85%,+343.85%,+41.50%,-43.75%,+421.40%,+283.56%,+1284.00%,+1757.00%,+1367.49%,+136.50%,-171.50%,+254.00%,+700.00%,+2139.20%,+1515.70%,+1218.00%,+162.75%,-142.75%,+565.00%,+333.00%,+1866.50%,+1605.35%,+1196.50%,+156.50%,-144.75%,+603.00%,+380.00%,+1327.00%,+817.00%,+973.00%,+142.00%,-136.50%,+361.00%,+205.00%,+22.00%
K170,(AOT)StFruz,+325.01%,+269.90%,+315.90%,+43.75%,-43.75%,+211.18%,+600.00%,+1036.00%,+1662.00%,+1222.49%,+160.50%,-171.50%,+162.00%,+404.00%,+1787.00%,+1324.00%,+1025.00%,+184.50%,-142.75%,+575.00%,+361.00%,+2220.50%,+1670.00%,+1315.00%,+188.75%,-144.75%,+532.00%,+333.00%,+2002.50%,+1484.70%,+1410.20%,+164.25%,-136.50%,+208.00%,+148.00%,+25.00%
K170,(AOT)WeleS,+356.85%,+311.85%,+318.85%,+43.75%,-43.75%,+569.28%,+351.44%,+819.70%,+1427.20%,+1358.49%,+142.75%,-165.25%,+189.00%,+352.00%,+2219.20%,+1898.70%,+1142.35%,+142.75%,-142.75%,+199.00%,+155.00%,+2279.85%,+1801.35%,+1007.50%,+173.50%,-144.75%,+608.00%,+358.00%,+1453.00%,+631.00%,+1199.00%,+148.50%,-136.50%,+407.00%,+256.00%,+24.50%
K170,(AOT)Doctopussy,+318.35%,+261.10%,+302.60%,+43.75%,-41.50%,+485.72%,+439.96%,+602.20%,+1045.57%,+1322.12%,+49.00%,-73.75%,+122.00%,+519.00%,+2314.55%,+1674.70%,+610.00%,+171.75%,-128.50%,+301.00%,+131.00%,+2152.50%,+1699.35%,+1334.35%,+180.25%,-136.75%,+603.00%,+312.00%,+1336.50%,+574.00%,+1061.50%,+150.50%,-128.50%,+131.00%,+68.00%,+24.50%
K170,(AOT)SugarDADDY,+343.35%,+307.10%,+365.10%,+43.75%,-41.50%,+346.72%,+304.40%,+788.70%,+1208.99%,+1308.70%,+138.50%,-156.50%,+166.00%,+532.00%,+2542.05%,+1595.00%,+1212.70%,+165.25%,-143.00%,+598.00%,+355.00%,+1812.50%,+1258.50%,+941.85%,+146.50%,-134.50%,+200.00%,+155.00%,+1796.35%,+728.00%,+1331.00%,+152.75%,-134.75%,+481.00%,+196.00%,+22.50%
K170,(AOT)MONKEY,+373.46%,+265.60%,+282.10%,+43.75%,-41.50%,+293.44%,+197.40%,+884.70%,+1372.62%,+1097.42%,+142.75%,-154.50%,+191.00%,+252.00%,+1720.20%,+1435.20%,+948.35%,+159.00%,-137.75%,+207.00%,+194.00%,+2021.85%,+1393.35%,+636.00%,+174.50%,-145.75%,+394.00%,+182.00%,+1069.70%,+782.70%,+586.00%,+146.50%,-130.50%,+118.00%,+96.00%,+21.50%
K170,(AOT)Paian,+282.60%,+149.00%,+178.50%,+41.50%,-1.00%,+486.92%,+12.92%,+930.70%,+1032.20%,+814.99%,+41.00%,-45.00%,+144.00%,+315.00%,+1835.70%,+1536.20%,+831.35%,+139.00%,-116.50%,+140.00%,+109.00%,+1782.85%,+1143.35%,+576.50%,+148.50%,-121.50%,+381.00%,+254.00%,+1178.00%,+265.50%,+705.50%,+43.50%,-27.00%,+89.00%,+69.00%,+20.50%
K170,(AOT)Matis,+302.60%,+242.60%,+272.10%,+41.50%,-41.50%,+420.78%,+88.58%,+635.00%,+1024.57%,+1320.42%,+55.25%,-71.00%,+128.00%,+267.00%,+2029.20%,+1351.20%,+822.00%,+154.25%,-128.50%,+229.00%,+168.00%,+2004.50%,+1627.85%,+1155.50%,+162.75%,-144.75%,+402.00%,+194.00%,+1165.00%,+589.00%,+968.00%,+137.00%,-128.50%,+80.00%,+52.00%,+22.00%
K170,(AOT)BAT,+314.60%,+256.60%,+291.60%,+41.50%,-41.50%,+283.76%,+243.72%,+696.70%,+1022.42%,+1605.12%,+132.50%,-148.75%,+83.00%,+303.00%,+2248.55%,+1817.05%,+812.00%,+154.75%,-138.50%,+462.00%,+251.00%,+1158.20%,+733.05%,+778.85%,+150.50%,-126.50%,+151.00%,+72.00%,+843.50%,+396.00%,+896.00%,+47.00%,-39.00%,+96.00%,+68.00%,+22.00%
K170,(AOT)金木研_254,+272.10%,+256.60%,+290.10%,+41.50%,-41.50%,+399.24%,+245.56%,+1130.00%,+1631.92%,+1409.49%,+140.50%,-160.75%,+62.00%,+245.00%,+2203.70%,+1833.05%,+1129.50%,+162.75%,-136.75%,+345.00%,+168.00%,+1129.70%,+776.55%,+700.00%,+148.25%,-142.50%,+130.00%,+48.00%,+881.50%,+663.50%,+941.50%,+85.90%,-79.90%,+55.00%,+48.00%,+22.00%
K170,(AOT)MG·Yu,+368.35%,+324.85%,+337.85%,+43.75%,-43.75%,+600.00%,+536.92%,+1380.00%,+2052.42%,+1112.07%,+190.75%,-182.00%,+154.00%,+603.00%,+2555.20%,+1905.00%,+1865.70%,+199.75%,-170.50%,+504.00%,+295.00%,+2455.50%,+1888.50%,+1140.50%,+203.50%,-148.50%,+700.00%,+399.00%,+1740.35%,+1101.00%,+1352.00%,+163.50%,-160.50%,+373.00%,+133.00%,+22.50%
K170,(AOT)Markspoon,+304.60%,+243.10%,+276.60%,+41.50%,-2.50%,+387.78%,+6.66%,+757.70%,+1297.20%,+1177.49%,+136.50%,-155.50%,+78.00%,+211.00%,+1942.20%,+1649.20%,+964.35%,+154.25%,-126.50%,+122.00%,+77.00%,+2145.85%,+1608.35%,+872.00%,+162.75%,-144.75%,+356.00%,+162.00%,+1395.50%,+527.00%,+1087.50%,+138.50%,-112.50%,+74.00%,+62.00%,+23.50%
K170,(AOT)VAB999,+299.85%,+271.10%,+276.60%,+43.75%,-41.50%,+512.76%,+330.38%,+1682.70%,+2099.63%,+1465.07%,+142.75%,-157.75%,+244.00%,+543.00%,+1498.50%,+1220.00%,+1145.35%,+146.50%,-125.50%,+300.00%,+220.00%,+2482.85%,+1419.00%,+1306.50%,+174.50%,-149.75%,+677.00%,+364.00%,+1427.50%,+920.50%,+1081.50%,+146.50%,-112.50%,+192.00%,+123.00%,+23.00%
K170,(AOT)Paian2,+310.60%,+231.10%,+246.60%,+41.50%,-1.50%,+564.04%,+93.54%,+760.70%,+1310.20%,+1156.49%,+33.00%,-52.25%,+125.00%,+444.00%,+1956.70%,+1599.70%,+916.35%,+129.00%,-122.50%,+136.00%,+100.00%,+1848.85%,+1131.35%,+611.00%,+150.75%,-142.50%,+399.00%,+227.00%,+1210.50%,+335.00%,+905.50%,+33.50%,-29.00%,+115.00%,+87.00%,+23.50%
K54,爽歪歪,+512.59%,+452.59%,+507.59%,+47.50%,-47.50%,+600.00%,+600.00%,+2620.70%,+2984.00%,+2615.20%,+196.50%,-236.50%,+900.00%,+900.00%,+2809.35%,+2145.00%,+1408.00%,+204.50%,-194.50%,+900.00%,+900.00%,+2063.50%,+1636.00%,+1549.35%,+204.50%,-196.50%,+900.00%,+900.00%,+1902.00%,+1458.50%,+1682.00%,+204.50%,-194.50%,+900.00%,+900.00%,+24.00%
K54,"纵横,,,杀戮",+402.59%,+366.34%,+379.34%,+47.50%,-43.75%,+600.00%,+600.00%,+1277.70%,+1508.99%,+1459.20%,+160.50%,-171.50%,+287.00%,+700.00%,+2767.05%,+1448.00%,+1056.70%,+208.00%,-149.00%,+603.00%,+501.00%,+2438.50%,+1425.00%,+1183.35%,+208.00%,-144.75%,+603.00%,+442.00%,+2385.35%,+735.50%,+1431.00%,+178.75%,-136.50%,+603.00%,+350.00%,+25.00%
K54,"纵横,,,大风",+492.59%,+412.59%,+442.59%,+47.50%,-47.50%,+600.00%,+600.00%,+1556.20%,+1769.99%,+1468.20%,+151.00%,-195.50%,+700.00%,+700.00%,+2902.05%,+1737.00%,+1148.70%,+182.50%,-196.50%,+700.00%,+700.00%,+2328.50%,+1809.00%,+1473.35%,+182.50%,-173.00%,+700.00%,+700.00%,+2287.35%,+936.50%,+1705.00%,+189.75%,-190.75%,+700.00%,+700.00%,+22.50%
K54,Somnium,+313.59%,+219.59%,+297.09%,+40.00%,-41.50%,+531.44%,+57.44%,+777.70%,+1280.99%,+1357.20%,+49.00%,-64.50%,+70.00%,+394.00%,+2629.55%,+1627.00%,+1327.70%,+153.00%,-134.75%,+514.00%,+318.00%,+1672.50%,+1048.00%,+885.85%,+146.00%,-130.50%,+308.00%,+139.00%,+1404.35%,+400.50%,+902.00%,+51.00%,-25.00%,+85.00%,+42.00%,+22.00%
K54,"纵横,,,Nike耐克",+342.34%,+305.09%,+333.59%,+43.75%,-41.50%,+600.00%,+296.96%,+1032.70%,+1166.99%,+1194.20%,+142.75%,-154.50%,+230.00%,+616.00%,+2699.05%,+1340.00%,+978.70%,+167.25%,-134.75%,+603.00%,+385.00%,+2045.50%,+1348.00%,+1152.35%,+154.75%,-144.75%,+603.00%,+410.00%,+2008.35%,+542.50%,+1262.00%,+146.50%,-128.50%,+491.00%,+213.00%,+24.00%
K54,醉红尘,+442.59%,+422.59%,+412.59%,+43.75%,-47.50%,+600.00%,+600.00%,+2069.00%,+2799.42%,+1991.57%,+196.50%,-236.50%,+900.00%,+900.00%,+2439.70%,+1984.00%,+1622.70%,+191.50%,-196.50%,+900.00%,+900.00%,+2006.50%,+1574.50%,+1249.50%,+191.50%,-194.50%,+900.00%,+900.00%,+1979.35%,+1273.50%,+1572.00%,+191.50%,-194.50%,+900.00%,+700.00%,+21.50%
K54,"纵横,,,飞哥",+270.09%,+237.59%,+275.59%,+39.00%,-39.00%,+218.96%,+160.80%,+668.20%,+975.84%,+1277.20%,+115.50%,-136.00%,+76.00%,+362.00%,+2259.55%,+1496.35%,+1013.70%,+138.00%,-118.50%,+380.00%,+188.00%,+994.20%,+589.20%,+806.85%,+52.70%,-43.70%,+137.00%,+67.00%,+981.35%,+348.00%,+923.00%,+50.10%,-38.10%,+80.00%,+55.00%,+20.00%
K54,"纵横,,,金王",+374.34%,+294.84%,+344.34%,+43.75%,-43.75%,+541.16%,+417.48%,+1218.70%,+1416.99%,+1265.20%,+144.75%,-165.00%,+166.00%,+616.00%,+2611.05%,+1324.00%,+957.70%,+169.50%,-144.75%,+575.00%,+328.00%,+2170.50%,+1397.00%,+1206.35%,+172.00%,-142.75%,+603.00%,+361.00%,+2076.35%,+602.50%,+1264.00%,+162.25%,-136.50%,+178.00%,+143.00%,+25.00%
K54,奕星的殺猪盤,+323.59%,+234.59%,+289.59%,+40.00%,-40.00%,+347.16%,+314.56%,+713.70%,+1410.99%,+1446.20%,+124.50%,-142.00%,+76.00%,+400.00%,+2463.05%,+1460.00%,+1083.70%,+149.75%,-126.50%,+500.00%,+375.00%,+1279.00%,+895.00%,+737.35%,+44.50%,-43.00%,+120.00%,+75.00%,+1433.85%,+281.50%,+945.50%,+135.00%,-112.50%,+123.00%,+51.00%,+22.00%
K54,"纵横,,,离火",+360.09%,+380.09%,+336.59%,+40.00%,-40.00%,+600.00%,+437.60%,+1072.20%,+1140.99%,+1126.20%,+127.50%,-132.00%,+610.00%,+610.00%,+2181.05%,+1445.00%,+940.20%,+130.00%,-122.50%,+610.00%,+610.00%,+1779.00%,+1284.00%,+1109.85%,+130.00%,-125.50%,+610.00%,+610.00%,+2006.85%,+651.00%,+1442.00%,+128.50%,-115.00%,+610.00%,+610.00%,+20.00%
K54,ony,+401.34%,+332.84%,+358.34%,+43.75%,-41.50%,+600.00%,+492.72%,+1255.70%,+1268.99%,+1251.20%,+142.75%,-144.75%,+245.00%,+439.00%,+2570.05%,+1392.00%,+1037.70%,+149.75%,-141.75%,+500.00%,+384.00%,+1989.50%,+1346.00%,+1220.35%,+152.75%,-137.75%,+300.00%,+135.00%,+2085.35%,+640.00%,+1264.50%,+142.75%,-134.75%,+300.00%,+172.00%,+25.50%
K197,Хлебушек,+514.10%,+494.10%,+514.10%,+47.50%,-47.50%,+600.00%,+600.00%,+2462.20%,+2969.50%,+2598.70%,+184.50%,-234.50%,+900.00%,+900.00%,+2988.35%,+1932.00%,+1608.00%,+227.50%,-197.50%,+900.00%,+900.00%,+2651.00%,+1812.00%,+1599.35%,+204.50%,-187.50%,+900.00%,+900.00%,+2289.00%,+1544.00%,+1840.50%,+204.50%,-184.50%,+900.00%,+900.00%,+24.50%
K197,Zakmil23139,+379.35%,+246.70%,+329.60%,+43.75%,-41.50%,+524.08%,+148.04%,+1607.50%,+2099.92%,+1592.07%,+142.75%,-148.75%,+295.00%,+700.00%,+1680.00%,+1200.00%,+1078.35%,+154.75%,-134.75%,+580.00%,+281.00%,+2370.70%,+1860.70%,+1343.00%,+158.75%,-136.75%,+700.00%,+537.00%,+1558.00%,+1098.00%,+1191.50%,+61.00%,-52.75%,+282.00%,+147.00%,+20.50%
K197,NightFury,+269.10%,+278.60%,+310.10%,+41.50%,-41.50%,+222.12%,+208.36%,+916.50%,+1895.92%,+1196.07%,+144.75%,-157.00%,+77.00%,+175.00%,+2186.45%,+1583.00%,+1436.20%,+164.25%,-140.75%,+316.00%,+210.00%,+1446.50%,+1125.50%,+776.00%,+149.75%,-136.50%,+220.00%,+88.00%,+1264.60%,+633.50%,+920.50%,+45.05%,-43.70%,+50.00%,+35.00%,+21.00%
K197,Saku,+356.35%,+304.35%,+357.85%,+43.75%,-43.75%,+600.00%,+378.56%,+1478.50%,+1983.92%,+1224.07%,+142.75%,-177.50%,+538.00%,+700.00%,+2078.00%,+1804.00%,+1180.35%,+174.00%,-170.75%,+631.00%,+474.00%,+2519.70%,+2069.70%,+1325.00%,+177.75%,-148.75%,+700.00%,+422.00%,+1657.00%,+958.00%,+1238.50%,+156.00%,-160.50%,+357.00%,+197.00%,+25.00%
K197,Бапм,+296.10%,+246.60%,+280.60%,+40.00%,-40.00%,+417.84%,+8.64%,+936.20%,+987.34%,+1163.70%,+41.00%,-58.25%,+98.00%,+201.00%,+2219.05%,+1353.35%,+1056.70%,+152.25%,-130.75%,+348.00%,+215.00%,+1027.70%,+534.70%,+693.35%,+36.50%,-37.00%,+79.00%,+63.00%,+1035.35%,+337.00%,+830.50%,+38.50%,-25.00%,+43.00%,+40.00%,+21.00%
K197,Oiuuuuuuuuuuuuu,+369.46%,+286.60%,+302.10%,+43.75%,-41.50%,+600.00%,+128.40%,+940.20%,+1774.54%,+1316.57%,+57.25%,-79.25%,+175.00%,+323.00%,+1240.00%,+1046.00%,+682.70%,+152.75%,-128.50%,+301.00%,+204.00%,+2642.05%,+1905.70%,+1052.00%,+165.25%,-144.75%,+491.00%,+310.00%,+1096.70%,+683.70%,+440.50%,+55.50%,-41.00%,+136.00%,+89.00%,+23.50%
K197,々нυηтєя々,+344.71%,+231.10%,+282.10%,+41.50%,-41.50%,+514.56%,+40.56%,+799.20%,+1738.54%,+1183.00%,+149.00%,-75.00%,+104.00%,+338.00%,+1148.50%,+898.50%,+545.70%,+148.25%,-130.50%,+136.00%,+72.00%,+2375.05%,+1749.70%,+865.00%,+166.75%,-144.75%,+490.00%,+220.00%,+981.70%,+600.70%,+376.50%,+47.00%,-41.00%,+88.00%,+67.00%,+24.00%
K197,Caramel,+270.71%,+189.60%,+242.10%,+40.00%,-40.00%,+358.08%,+1.00%,+531.20%,+1313.12%,+989.42%,+47.00%,-48.50%,+52.00%,+166.00%,+981.75%,+776.00%,+354.85%,+42.25%,-31.00%,+108.00%,+30.00%,+2188.55%,+1340.00%,+901.20%,+153.75%,-124.50%,+303.00%,+166.00%,+1058.30%,+466.70%,+257.50%,+23.85%,-23.00%,+34.00%,+29.00%,+20.00%
K197,†ŁØRD†,+309.96%,+213.10%,+240.60%,+41.50%,-40.00%,+314.60%,+179.76%,+836.20%,+1524.12%,+1307.49%,+132.50%,-147.50%,+92.00%,+175.00%,+1345.00%,+1071.00%,+565.35%,+142.50%,-124.50%,+92.00%,+63.00%,+2258.05%,+1216.00%,+799.70%,+154.75%,-130.50%,+215.00%,+128.00%,+925.05%,+536.70%,+261.50%,+47.00%,-25.00%,+66.00%,+54.00%,+22.00%
K197,RΣDΣYΣ,+311.10%,+245.60%,+289.10%,+41.50%,-41.50%,+566.00%,+92.00%,+1675.20%,+1874.50%,+1481.70%,+149.00%,-77.25%,+116.00%,+504.00%,+1829.35%,+1134.50%,+872.50%,+140.25%,-128.50%,+249.00%,+103.00%,+2132.00%,+1313.00%,+1024.35%,+166.75%,-144.75%,+516.00%,+253.00%,+1221.00%,+712.00%,+864.50%,+37.00%,-41.00%,+113.00%,+73.00%,+24.00%
K197,Loong,+369.46%,+254.35%,+295.85%,+43.75%,-43.75%,+601.00%,+258.20%,+960.20%,+1788.12%,+1529.49%,+142.75%,-159.00%,+154.00%,+509.00%,+1224.00%,+1265.00%,+935.70%,+154.75%,-142.75%,+399.00%,+241.00%,+2671.05%,+2010.70%,+1049.00%,+167.25%,-144.75%,+636.00%,+366.00%,+924.00%,+687.70%,+615.20%,+59.50%,-49.00%,+173.00%,+71.00%,+24.00%
K197,LUIGUI,+281.71%,+210.60%,+225.60%,+37.50%,-37.50%,+193.54%,+111.32%,+710.20%,+1191.62%,+959.92%,+31.00%,-35.15%,+85.00%,+162.00%,+788.75%,+757.50%,+381.35%,+31.15%,-18.50%,+97.00%,+55.00%,+2014.80%,+1308.00%,+927.70%,+131.50%,-126.50%,+232.00%,+152.00%,+872.30%,+533.20%,+258.00%,+29.65%,-7.00%,+49.00%,+41.00%,+12.00%
K197,BocchiT__T,+324.21%,+225.60%,+237.60%,+43.75%,-41.50%,+592.00%,+117.00%,+754.20%,+1563.54%,+1025.07%,+49.00%,-61.25%,+101.00%,+230.00%,+1203.00%,+1050.00%,+740.70%,+152.75%,-136.75%,+122.00%,+73.00%,+2643.05%,+1865.20%,+868.50%,+173.50%,-140.75%,+575.00%,+339.00%,+1134.70%,+573.70%,+342.50%,+139.00%,-128.50%,+200.00%,+114.00%,+22.00%
K197,-GAMERMAN-,+392.85%,+424.10%,+364.10%,+43.75%,-47.50%,+600.00%,+290.72%,+1778.50%,+2261.92%,+1712.07%,+114.70%,-128.95%,+700.00%,+900.00%,+2341.70%,+1705.00%,+1580.70%,+204.00%,-196.50%,+700.00%,+700.00%,+2157.00%,+1594.00%,+1299.00%,+191.50%,-146.50%,+900.00%,+544.00%,+2031.35%,+1268.00%,+1312.00%,+186.75%,-184.50%,+700.00%,+374.00%,+22.00%
K197,ღbaby买买买ღ,+353.96%,+251.10%,+300.60%,+43.75%,-43.75%,+601.00%,+204.94%,+927.20%,+1759.54%,+1185.07%,+55.25%,-71.00%,+153.00%,+357.00%,+1358.50%,+977.00%,+603.70%,+159.75%,-130.50%,+112.00%,+85.00%,+2560.05%,+1945.70%,+1057.00%,+174.00%,-147.25%,+598.00%,+290.00%,+1018.70%,+636.70%,+392.50%,+53.00%,-41.00%,+94.00%,+57.00%,+24.00%
K197,Viking,+325.21%,+237.60%,+280.60%,+41.50%,-41.50%,+511.48%,+61.96%,+824.20%,+1489.54%,+935.50%,+55.25%,-69.25%,+111.00%,+282.00%,+1100.00%,+910.00%,+580.70%,+144.00%,-128.50%,+131.00%,+135.00%,+2416.55%,+1831.70%,+889.00%,+169.00%,-140.75%,+350.00%,+266.00%,+989.20%,+534.70%,+306.50%,+51.00%,-41.00%,+95.00%,+97.00%,+22.00%
K197,ღ买买买babyღ,+362.96%,+252.85%,+279.35%,+43.75%,-11.25%,+600.00%,+127.96%,+906.70%,+1735.54%,+1213.50%,+55.25%,-74.00%,+264.00%,+417.00%,+1093.50%,+927.00%,+641.70%,+152.75%,-138.50%,+177.00%,+79.00%,+2449.55%,+1955.70%,+1053.00%,+163.50%,-151.00%,+294.00%,+204.00%,+1041.70%,+685.70%,+395.50%,+50.00%,-49.00%,+76.00%,+55.00%,+23.00%
K197,优乐美,+328.10%,+261.60%,+293.60%,+41.50%,-40.00%,+515.00%,+81.04%,+690.70%,+939.92%,+1378.12%,+39.00%,-60.25%,+90.00%,+194.00%,+2341.55%,+1859.05%,+884.00%,+145.50%,-128.75%,+462.00%,+259.00%,+1018.20%,+501.70%,+837.20%,+127.80%,-130.30%,+79.00%,+69.00%,+1035.00%,+293.00%,+985.50%,+51.00%,-25.00%,+66.00%,+59.00%,+23.50%
K197,Mira,+351.21%,+229.10%,+262.10%,+41.50%,-41.50%,+436.92%,+20.24%,+662.70%,+1699.54%,+1135.07%,+49.00%,-71.50%,+87.00%,+150.00%,+1219.00%,+991.50%,+615.70%,+138.25%,-130.50%,+75.00%,+54.00%,+2474.05%,+1794.70%,+863.00%,+166.75%,-136.75%,+575.00%,+286.00%,+983.70%,+537.70%,+341.50%,+41.00%,-41.00%,+53.00%,+48.00%,+24.00%
K176,苟拓通天肆意妄为,+453.96%,+401.85%,+452.85%,+43.75%,-43.75%,+600.00%,+600.00%,+2270.20%,+2656.13%,+2102.99%,+172.50%,-203.50%,+700.00%,+900.00%,+2089.50%,+1998.50%,+1454.35%,+180.50%,-172.50%,+821.00%,+489.00%,+2026.35%,+1518.50%,+1075.00%,+186.75%,-194.50%,+900.00%,+399.00%,+1263.00%,+1625.20%,+1302.70%,+180.50%,-166.75%,+664.00%,+261.00%,+24.00%
K176,Evildagger,+323.85%,+277.10%,+300.10%,+41.50%,-41.50%,+322.60%,+406.72%,+1153.50%,+2071.92%,+1225.57%,+128.50%,-148.75%,+78.00%,+376.00%,+2337.20%,+1615.50%,+1528.70%,+150.75%,-136.75%,+400.00%,+244.00%,+1620.00%,+1247.50%,+854.00%,+148.75%,-136.75%,+319.00%,+171.00%,+1647.85%,+814.50%,+1167.50%,+146.00%,-132.50%,+182.00%,+95.00%,+23.00%
K176,༺肥者先食༻,+287.10%,+259.10%,+284.10%,+40.00%,-41.50%,+357.08%,+321.28%,+1099.50%,+1652.99%,+1015.57%,+136.50%,-152.00%,+53.00%,+335.00%,+2117.20%,+1486.50%,+1458.20%,+146.75%,-130.75%,+413.00%,+270.00%,+2103.00%,+1530.50%,+896.00%,+152.25%,-140.75%,+429.00%,+182.00%,+1387.35%,+751.50%,+932.50%,+60.50%,-34.50%,+85.00%,+55.00%,+21.50%
K176,༺璀璨星辰༻,+402.85%,+364.85%,+422.85%,+43.75%,-43.75%,+600.00%,+461.12%,+1723.50%,+2400.92%,+1509.57%,+138.50%,-192.00%,+364.00%,+700.00%,+2782.20%,+1894.50%,+1356.70%,+165.25%,-151.00%,+700.00%,+445.00%,+1738.00%,+1266.50%,+1004.00%,+146.50%,-160.50%,+389.00%,+245.00%,+1803.35%,+998.50%,+1486.00%,+152.75%,-136.50%,+649.00%,+295.00%,+24.00%
K176,临兵斗者皆阵列前,+315.60%,+280.60%,+293.60%,+40.00%,-41.50%,+368.20%,+267.40%,+1187.50%,+1591.92%,+976.57%,+55.25%,-64.00%,+210.00%,+319.00%,+2303.20%,+1557.50%,+1530.70%,+146.75%,-128.75%,+411.00%,+213.00%,+2011.00%,+1506.50%,+928.00%,+148.00%,-144.75%,+373.00%,+225.00%,+1452.35%,+934.50%,+1094.00%,+138.50%,-110.50%,+122.00%,+78.00%,+22.00%
K176,梦山河,+330.35%,+282.60%,+316.10%,+43.75%,-41.50%,+339.78%,+335.82%,+1071.50%,+1855.99%,+1105.57%,+57.25%,-67.50%,+174.00%,+375.00%,+2688.20%,+1675.50%,+1509.20%,+175.50%,-140.75%,+516.00%,+255.00%,+1478.00%,+1017.50%,+729.00%,+78.25%,-41.00%,+115.00%,+69.00%,+1718.35%,+745.00%,+1166.00%,+159.50%,-128.50%,+306.00%,+134.00%,+22.00%
K176,岑胖子,+326.10%,+286.60%,+300.60%,+41.50%,-40.00%,+386.84%,+328.16%,+987.50%,+1598.99%,+854.57%,+49.00%,-68.00%,+123.00%,+303.00%,+2224.20%,+1558.50%,+1469.20%,+156.50%,-126.50%,+402.00%,+268.00%,+2047.00%,+1522.50%,+880.00%,+162.75%,-144.75%,+504.00%,+236.00%,+1527.35%,+819.00%,+1094.00%,+142.00%,-112.50%,+134.00%,+71.00%,+23.50%
K176,三月的心思你别猜,+347.85%,+356.60%,+377.10%,+41.50%,-41.50%,+432.08%,+601.00%,+1376.20%,+1947.50%,+1525.20%,+144.75%,-166.75%,+251.00%,+700.00%,+2415.85%,+1744.50%,+1389.00%,+154.50%,-136.75%,+616.00%,+344.00%,+1473.00%,+1301.50%,+1109.35%,+60.75%,-55.25%,+311.00%,+200.00%,+1756.00%,+896.50%,+1335.00%,+142.00%,-128.50%,+546.00%,+248.00%,+25.00%
K176,顺顺顺,+346.60%,+250.60%,+278.60%,+39.00%,-39.00%,+282.40%,+318.80%,+1381.50%,+1698.92%,+1042.57%,+134.75%,-140.25%,+518.00%,+528.00%,+2098.20%,+1473.50%,+1412.70%,+140.25%,-126.50%,+228.00%,+172.00%,+2059.50%,+1218.00%,+1130.00%,+55.00%,-47.00%,+449.00%,+298.00%,+1355.85%,+700.50%,+973.50%,+133.50%,-112.50%,+161.00%,+129.00%,+21.00%
K176,♱Seraphim織羽♱,+395.85%,+351.85%,+379.85%,+43.75%,-43.75%,+490.28%,+408.76%,+1198.00%,+1822.42%,+980.57%,+55.25%,-77.75%,+235.00%,+415.00%,+2551.20%,+1851.50%,+1730.70%,+154.75%,-151.00%,+438.00%,+311.00%,+2128.50%,+1731.50%,+1068.00%,+159.00%,-144.75%,+356.00%,+262.00%,+1874.35%,+1001.50%,+1390.00%,+146.50%,-136.50%,+245.00%,+182.00%,+25.00%
K176,ʚ老⑥ɞ,+412.85%,+305.10%,+335.10%,+43.75%,-41.50%,+589.48%,+539.32%,+1456.50%,+2047.92%,+1238.57%,+142.75%,-160.75%,+401.00%,+677.00%,+2422.20%,+1670.50%,+1272.70%,+161.00%,-136.75%,+616.00%,+392.00%,+2086.00%,+1613.00%,+1319.50%,+156.50%,-144.75%,+644.00%,+448.00%,+1766.35%,+999.50%,+1351.00%,+163.75%,-128.50%,+450.00%,+165.00%,+24.50%
K176,灰色轨迹,+355.10%,+283.10%,+293.10%,+41.50%,-41.50%,+478.92%,+414.80%,+1224.00%,+1760.92%,+819.57%,+49.00%,-67.00%,+145.00%,+291.00%,+2400.70%,+1623.50%,+1548.70%,+154.75%,-136.75%,+418.00%,+289.00%,+2154.00%,+1579.50%,+925.50%,+159.00%,-144.75%,+470.00%,+213.00%,+1648.85%,+867.50%,+1249.00%,+152.75%,-128.50%,+237.00%,+123.00%,+24.00%
K176,罗密欧与猪过夜,+285.60%,+268.10%,+312.60%,+40.00%,-40.00%,+414.98%,+262.86%,+1040.50%,+1671.99%,+1109.57%,+57.25%,-58.50%,+186.00%,+392.00%,+2525.20%,+1504.50%,+1452.20%,+165.50%,-122.75%,+518.00%,+320.00%,+1363.00%,+1036.50%,+820.00%,+52.25%,-53.25%,+180.00%,+68.00%,+1535.85%,+830.00%,+1146.50%,+138.50%,-110.50%,+292.00%,+136.00%,+23.50%
K176,WARBLOOD,+310.60%,+257.60%,+282.60%,+40.00%,-40.00%,+322.76%,+304.56%,+1140.50%,+1831.92%,+1108.07%,+124.50%,-139.75%,+144.00%,+602.00%,+2027.20%,+1178.50%,+1121.70%,+140.25%,-134.50%,+533.00%,+455.00%,+1503.00%,+957.50%,+668.00%,+40.50%,-33.00%,+358.00%,+296.00%,+1256.85%,+611.50%,+863.50%,+36.50%,-23.00%,+135.00%,+110.00%,+20.00%
K176,老黑黑,+290.10%,+229.60%,+272.60%,+41.50%,-39.00%,+518.20%,+319.56%,+1078.50%,+1701.92%,+1026.57%,+142.75%,-147.75%,+69.00%,+360.00%,+2172.20%,+1514.50%,+1508.70%,+134.75%,-124.75%,+404.00%,+181.00%,+2104.00%,+1553.50%,+871.00%,+148.00%,-144.75%,+430.00%,+206.00%,+1429.85%,+831.50%,+991.00%,+128.50%,-112.50%,+86.00%,+58.00%,+23.50%
K176,温不胜,+319.10%,+261.10%,+314.10%,+40.00%,-38.50%,+446.12%,+323.72%,+982.50%,+1491.99%,+846.57%,+51.00%,-62.50%,+87.00%,+421.00%,+2407.20%,+1525.50%,+1477.20%,+143.00%,-118.50%,+411.00%,+199.00%,+2073.00%,+1569.50%,+991.00%,+146.00%,-142.75%,+470.00%,+211.00%,+1415.85%,+805.00%,+1092.50%,+128.50%,-112.50%,+171.00%,+84.00%,+24.00%
K176,我是贤熙,+201.10%,+181.60%,+233.60%,+37.50%,-37.50%,+365.84%,+195.72%,+848.00%,+1605.42%,+1061.07%,+132.50%,-132.65%,+73.00%,+86.00%,+1988.20%,+1331.50%,+1206.20%,+145.40%,-112.00%,+299.00%,+186.00%,+1159.75%,+857.00%,+537.00%,+88.00%,-83.00%,+39.00%,+39.00%,+1177.35%,+412.50%,+636.00%,+120.00%,-98.50%,+27.50%,+29.50%,+13.50%
K176,金玉其外败絮其中,+340.10%,+310.60%,+335.60%,+41.50%,-41.50%,+559.68%,+484.60%,+1253.50%,+2056.42%,+1287.07%,+51.80%,-67.55%,+180.00%,+560.00%,+2469.20%,+1546.50%,+1488.70%,+166.75%,-130.75%,+598.00%,+381.00%,+1581.00%,+1069.50%,+864.00%,+148.25%,-130.50%,+435.00%,+184.00%,+1704.35%,+897.50%,+1219.00%,+148.25%,-112.50%,+500.00%,+196.00%,+24.00%
K176,温水煮青蛙,+303.10%,+282.60%,+297.60%,+40.00%,-40.00%,+418.36%,+222.04%,+1266.00%,+1890.49%,+1187.57%,+142.75%,-151.50%,+144.00%,+433.00%,+2279.70%,+1540.50%,+1408.70%,+159.25%,-130.75%,+560.00%,+284.00%,+1568.00%,+1175.50%,+844.50%,+139.75%,-144.75%,+211.00%,+84.00%,+1499.85%,+821.00%,+1143.00%,+138.50%,-116.50%,+211.00%,+93.00%,+22.00%
K176,我于杀戮之中绽放,+374.10%,+345.10%,+372.10%,+41.50%,-41.50%,+531.44%,+299.00%,+1353.50%,+2116.92%,+1345.57%,+144.75%,-156.50%,+300.00%,+700.00%,+2538.20%,+1664.50%,+1571.70%,+160.75%,-136.75%,+626.00%,+411.00%,+1600.00%,+1164.50%,+910.00%,+148.25%,-142.75%,+254.00%,+107.00%,+1802.35%,+1005.50%,+1385.00%,+148.25%,-128.50%,+474.00%,+200.00%,+22.50%
K176,璀璨星芒,+321.10%,+278.60%,+304.10%,+41.50%,-41.50%,+520.08%,+208.36%,+1160.00%,+1627.49%,+1058.57%,+136.50%,-142.75%,+147.00%,+166.00%,+2335.20%,+1596.50%,+1499.70%,+156.50%,-120.50%,+295.00%,+190.00%,+2123.00%,+1581.00%,+918.50%,+156.50%,-136.75%,+440.00%,+216.00%,+1479.35%,+768.50%,+985.00%,+142.00%,-112.50%,+122.00%,+65.00%,+24.50%
K176,「鳥傷」,+350.60%,+280.10%,+329.10%,+41.50%,-41.50%,+513.76%,+401.08%,+1075.50%,+2085.92%,+1144.57%,+51.00%,-67.00%,+76.00%,+476.00%,+2288.20%,+1659.50%,+1599.70%,+156.50%,-134.50%,+415.00%,+250.00%,+1936.00%,+1353.00%,+932.50%,+160.75%,-142.75%,+476.00%,+233.00%,+1716.35%,+916.50%,+1350.00%,+148.25%,-128.50%,+300.00%,+152.00%,+24.00%
K138,(RaW)Leprechaun,+314.85%,+272.10%,+302.60%,+41.50%,-41.50%,+295.64%,+247.64%,+923.70%,+1117.42%,+1672.12%,+136.50%,-145.50%,+111.00%,+238.00%,+2152.55%,+1761.20%,+816.85%,+147.75%,-133.50%,+258.00%,+194.00%,+1185.20%,+742.05%,+741.85%,+60.50%,-34.00%,+321.00%,+220.00%,+1050.50%,+393.50%,+861.50%,+45.50%,-23.00%,+95.00%,+97.00%,+20.50%
K138,(RaW)༺TsuStark༻,+269.10%,+237.60%,+261.60%,+41.50%,-41.50%,+289.84%,+271.36%,+1019.20%,+1461.20%,+1448.49%,+136.50%,-145.75%,+123.00%,+285.00%,+2150.05%,+1338.20%,+819.50%,+150.75%,-122.50%,+126.00%,+94.00%,+1705.50%,+1271.35%,+976.85%,+164.50%,-128.75%,+292.00%,+187.00%,+1086.00%,+367.50%,+778.00%,+45.50%,-23.00%,+96.00%,+81.00%,+24.00%
K138,(RaW)ⓀⒶⓃⓃⓄⓃ,+272.10%,+251.60%,+265.10%,+41.50%,-41.50%,+310.36%,+254.68%,+1021.20%,+1254.57%,+1659.12%,+136.50%,-145.75%,+147.00%,+288.00%,+2156.05%,+1363.20%,+833.50%,+150.75%,-124.50%,+143.00%,+97.00%,+1709.50%,+1296.35%,+976.85%,+164.50%,-128.75%,+301.00%,+197.00%,+1087.50%,+373.00%,+779.00%,+45.50%,-23.00%,+108.00%,+85.00%,+24.00%
K138,(RaW)Des,+305.35%,+250.60%,+271.60%,+43.75%,-41.50%,+442.88%,+170.56%,+997.70%,+1269.57%,+1618.12%,+134.75%,-158.50%,+121.00%,+351.00%,+1967.55%,+1492.20%,+665.50%,+149.25%,-136.75%,+192.00%,+84.00%,+1992.50%,+1641.35%,+1267.85%,+163.75%,-148.75%,+552.00%,+354.00%,+1362.00%,+550.00%,+1016.50%,+111.00%,-96.50%,+82.00%,+70.00%,+24.00%
K88,GTaBlitz,+341.35%,+315.85%,+340.85%,+43.75%,-43.75%,+275.12%,+600.00%,+1503.20%,+2267.50%,+1750.20%,+144.75%,-201.25%,+305.00%,+700.00%,+2245.35%,+1786.00%,+1378.00%,+173.50%,-168.75%,+700.00%,+464.00%,+1717.00%,+1405.50%,+1093.35%,+169.50%,-166.75%,+608.00%,+411.00%,+1672.50%,+971.00%,+1364.00%,+162.25%,-160.50%,+424.00%,+183.00%,+25.00%
K88,Yoki,+329.60%,+296.85%,+325.85%,+43.75%,-43.75%,+360.56%,+301.44%,+709.70%,+1330.34%,+1582.20%,+136.50%,-163.00%,+171.00%,+608.00%,+2395.55%,+1842.85%,+1299.20%,+154.25%,-151.00%,+409.00%,+213.00%,+1308.20%,+903.20%,+1029.85%,+154.50%,-144.75%,+431.00%,+260.00%,+1300.85%,+557.50%,+1157.50%,+144.75%,-136.50%,+236.00%,+124.00%,+23.00%
K88,• Unhealthy •,+287.10%,+279.10%,+282.60%,+40.00%,-40.00%,+509.44%,+54.44%,+769.50%,+894.92%,+1435.42%,+58.65%,-63.90%,+140.00%,+305.00%,+1999.20%,+1756.55%,+860.00%,+150.75%,-128.75%,+269.00%,+213.00%,+1223.70%,+730.55%,+759.00%,+148.00%,-134.75%,+290.00%,+177.00%,+910.50%,+367.00%,+785.00%,+45.50%,-25.00%,+89.00%,+69.00%,+20.00%
K88,Patrick4Sale,+330.60%,+299.85%,+319.85%,+41.50%,-41.50%,+600.00%,+293.56%,+1162.70%,+1442.07%,+1722.62%,+144.75%,-152.25%,+253.00%,+588.00%,+2477.05%,+1807.70%,+685.00%,+160.50%,-136.75%,+603.00%,+382.00%,+1604.50%,+1233.35%,+964.85%,+148.25%,-142.75%,+211.00%,+123.00%,+1397.50%,+415.00%,+1056.00%,+57.50%,-51.50%,+157.00%,+102.00%,+23.00%
K88,омулевка,+330.85%,+291.60%,+290.10%,+43.75%,-41.50%,+482.60%,+189.60%,+1288.70%,+1227.92%,+1844.62%,+144.75%,-152.00%,+185.00%,+285.00%,+2653.05%,+1679.05%,+1094.00%,+171.25%,-137.00%,+420.00%,+268.00%,+1072.20%,+673.05%,+841.85%,+146.50%,-128.50%,+92.00%,+72.00%,+1156.00%,+472.00%,+1031.50%,+82.40%,-48.40%,+83.00%,+63.00%,+24.50%
K88,MUHTAR,+323.85%,+257.10%,+309.10%,+43.75%,-41.50%,+363.56%,+254.76%,+779.70%,+1552.49%,+1543.70%,+144.75%,-160.50%,+141.00%,+471.00%,+2452.55%,+1662.00%,+1293.70%,+159.00%,-138.75%,+340.00%,+222.00%,+1710.50%,+1279.50%,+1015.85%,+159.00%,-144.75%,+403.00%,+169.00%,+1465.85%,+397.00%,+995.00%,+117.00%,-99.00%,+102.00%,+69.00%,+24.00%
K88,Shadow,+280.10%,+254.10%,+282.10%,+40.00%,-40.00%,+435.60%,+8.60%,+712.70%,+936.92%,+1558.62%,+55.25%,-64.00%,+92.00%,+252.00%,+2378.05%,+1900.70%,+1216.35%,+147.75%,-131.75%,+302.00%,+229.00%,+1202.20%,+895.55%,+958.35%,+146.00%,-145.75%,+277.00%,+139.00%,+1089.00%,+373.00%,+873.50%,+51.00%,-25.00%,+89.00%,+80.00%,+23.50%
K88,佛達樂司¥Tony,+315.21%,+236.60%,+252.10%,+43.75%,-41.50%,+251.70%,+223.86%,+1112.00%,+1787.91%,+555.50%,+124.50%,-133.25%,+106.00%,+270.00%,+963.20%,+430.00%,+927.20%,+133.00%,-118.50%,+132.00%,+19.00%,+1401.50%,+1316.50%,+992.50%,+126.00%,-114.50%,+149.00%,+122.00%,+2169.55%,+1343.20%,+1106.00%,+63.50%,-42.50%,+139.00%,+122.00%,+23.50%
K88,• Matador •,+412.96%,+261.60%,+307.10%,+43.75%,-41.50%,+600.00%,+312.80%,+1266.50%,+1791.34%,+442.00%,+67.50%,-95.50%,+79.00%,+445.00%,+1430.70%,+647.00%,+1180.70%,+162.00%,-138.75%,+362.00%,+215.00%,+1709.50%,+1527.50%,+1141.00%,+166.50%,-130.50%,+337.00%,+173.00%,+2473.55%,+1407.70%,+1226.00%,+193.75%,-128.50%,+312.00%,+131.00%,+24.00%
K88,Yamato.Nadeshiko,+333.35%,+304.35%,+357.85%,+43.75%,-43.75%,+126.00%,+475.72%,+1472.00%,+2524.42%,+1708.07%,+138.50%,-213.75%,+205.00%,+700.00%,+2435.70%,+1412.00%,+1222.70%,+175.75%,-162.50%,+424.00%,+243.00%,+1991.50%,+1345.00%,+907.50%,+88.25%,-103.25%,+419.00%,+241.00%,+1619.35%,+775.00%,+1235.50%,+146.75%,-145.00%,+182.00%,+75.00%,+25.00%
K88,xIxCHUxIx,+340.60%,+292.60%,+318.60%,+41.50%,-41.50%,+364.40%,+383.80%,+840.70%,+1434.49%,+1503.20%,+136.50%,-151.00%,+244.00%,+533.00%,+2313.05%,+1583.00%,+1202.70%,+144.75%,-136.75%,+355.00%,+264.00%,+1675.50%,+1277.50%,+1083.35%,+154.75%,-138.50%,+528.00%,+318.00%,+1445.35%,+523.50%,+1109.50%,+125.20%,-119.20%,+206.00%,+152.00%,+23.50%
K88,HUGO,+345.59%,+280.84%,+320.34%,+41.50%,-41.50%,+577.00%,+145.50%,+933.70%,+1159.70%,+1140.99%,+57.25%,-64.75%,+164.00%,+677.00%,+1674.00%,+1266.00%,+825.35%,+156.50%,-140.75%,+603.00%,+430.00%,+2593.55%,+1568.00%,+1408.20%,+148.25%,-142.75%,+509.00%,+309.00%,+1909.85%,+698.00%,+1066.00%,+54.50%,-41.00%,+207.00%,+152.00%,+22.50%
K88,Lukasz92,+285.10%,+265.60%,+277.60%,+41.50%,-41.50%,+600.00%,+189.62%,+1230.70%,+962.49%,+1162.20%,+55.25%,-57.25%,+96.00%,+253.00%,+2272.05%,+1282.00%,+939.70%,+154.25%,-134.75%,+409.00%,+168.00%,+2052.50%,+1133.50%,+867.35%,+160.50%,-128.75%,+376.00%,+159.00%,+1699.85%,+616.00%,+921.00%,+87.10%,-73.60%,+67.00%,+67.00%,+23.50%
K88,JINN,+462.85%,+362.85%,+372.85%,+43.75%,-43.75%,+345.72%,+600.00%,+1618.50%,+2259.92%,+1359.57%,+144.75%,-167.25%,+560.00%,+700.00%,+2443.70%,+1420.00%,+1364.70%,+159.00%,-142.75%,+644.00%,+644.00%,+2176.50%,+1419.50%,+1094.00%,+159.00%,-144.75%,+644.00%,+448.00%,+2042.85%,+1171.00%,+1484.00%,+152.75%,-136.50%,+616.00%,+384.00%,+23.50%
K88,TheMUMMY,+319.60%,+250.60%,+302.60%,+41.50%,-41.50%,+343.32%,+248.56%,+1407.50%,+2008.42%,+1179.57%,+130.50%,-145.50%,+111.00%,+472.00%,+2273.70%,+1208.00%,+1428.70%,+147.00%,-126.50%,+390.00%,+205.00%,+1655.50%,+1203.50%,+910.00%,+142.00%,-134.50%,+477.00%,+270.00%,+1466.85%,+678.00%,+1007.00%,+131.00%,-112.50%,+198.00%,+109.00%,+23.00%
K88,鷹眼¥Hawkeye,+237.10%,+247.60%,+264.60%,+39.00%,-39.00%,+277.60%,+203.92%,+1012.70%,+1528.49%,+1620.20%,+130.50%,-154.00%,+78.00%,+182.00%,+2009.80%,+1169.00%,+789.70%,+138.25%,-126.50%,+154.00%,+81.00%,+1862.50%,+1094.00%,+843.85%,+144.25%,-130.50%,+146.00%,+100.00%,+1160.60%,+385.50%,+811.50%,+64.55%,-55.70%,+43.00%,+35.00%,+23.50%
K88,Samedow⁰²,+290.21%,+245.60%,+245.10%,+41.50%,-40.00%,+177.34%,+134.78%,+922.70%,+1430.12%,+1377.99%,+138.75%,-128.75%,+84.00%,+215.00%,+1122.00%,+1066.00%,+635.35%,+144.75%,-130.75%,+81.00%,+38.00%,+2128.55%,+1386.50%,+1070.70%,+150.75%,-108.75%,+270.00%,+155.00%,+967.55%,+686.20%,+242.50%,+79.80%,-53.80%,+55.00%,+27.50%,+20.50%
K88,血洗一身罪孽,+254.10%,+227.60%,+260.60%,+39.00%,-39.00%,+334.48%,+126.00%,+700.20%,+1166.07%,+1529.62%,+119.50%,-136.50%,+101.00%,+312.00%,+2096.55%,+1557.70%,+715.00%,+132.50%,-122.50%,+192.00%,+11.00%,+1444.00%,+1154.85%,+874.35%,+137.00%,-122.50%,+174.00%,+136.00%,+1253.00%,+280.00%,+881.00%,+50.10%,-38.10%,+127.00%,+79.00%,+21.50%
K88,聖菲立克斯JAY࿐,+283.60%,+221.60%,+249.60%,+39.00%,-38.50%,+313.70%,+134.16%,+848.70%,+1173.07%,+1593.12%,+119.50%,-135.00%,+106.00%,+335.00%,+1701.05%,+1299.20%,+465.50%,+112.50%,-114.50%,+95.00%,+68.50%,+1811.50%,+1482.85%,+1137.35%,+138.50%,-121.50%,+194.00%,+124.00%,+1090.50%,+343.50%,+785.50%,+30.00%,-25.00%,+84.50%,+54.50%,+20.50%
K88,JC31X,+297.10%,+235.10%,+273.10%,+37.50%,-37.50%,+453.76%,+313.44%,+1385.70%,+1736.00%,+1364.70%,+100.50%,-110.50%,+172.00%,+452.00%,+1915.35%,+1399.00%,+1109.00%,+102.50%,-102.50%,+337.00%,+202.00%,+1452.50%,+1103.50%,+907.35%,+110.50%,-102.50%,+419.00%,+245.00%,+1149.50%,+638.00%,+910.00%,+18.50%,-18.50%,+101.00%,+64.00%,+4.50%
K88,༺•TEOMΛN•༻,+230.60%,+198.10%,+254.60%,+37.50%,-37.50%,+150.74%,+85.08%,+722.70%,+1107.63%,+964.92%,+130.50%,-126.65%,+97.00%,+150.00%,+1633.70%,+1173.70%,+647.85%,+130.65%,-114.00%,+94.00%,+51.00%,+1716.10%,+1227.00%,+934.85%,+129.75%,-130.50%,+227.00%,+136.00%,+890.50%,+239.50%,+663.50%,+47.60%,-24.10%,+44.00%,+26.50%,+12.00%
K88,༺•PEPE•༻,+313.71%,+229.60%,+249.10%,+41.50%,-40.00%,+468.98%,+7.50%,+1005.50%,+1598.41%,+426.00%,+43.00%,-58.75%,+131.00%,+203.00%,+1088.70%,+464.50%,+982.70%,+148.75%,-126.75%,+264.00%,+179.00%,+1466.50%,+1163.50%,+780.00%,+148.75%,-121.50%,+239.00%,+167.00%,+1886.55%,+1064.20%,+786.50%,+141.00%,-110.50%,+107.00%,+57.00%,+21.00%
K48,pino209,+339.10%,+245.60%,+298.10%,+41.50%,-2.50%,+548.44%,+74.44%,+811.20%,+992.92%,+1563.62%,+57.25%,-72.25%,+277.00%,+463.00%,+2322.05%,+1821.20%,+1161.85%,+138.25%,-130.75%,+420.00%,+354.00%,+1322.20%,+815.05%,+901.35%,+160.75%,-142.75%,+420.00%,+320.00%,+1173.00%,+402.50%,+1008.00%,+118.75%,-83.00%,+240.00%,+191.00%,+22.50%
K48,#LB#,+334.85%,+278.35%,+325.85%,+43.75%,-43.75%,+363.36%,+319.32%,+995.20%,+1510.07%,+1826.62%,+142.75%,-163.00%,+209.00%,+467.00%,+2341.55%,+1841.20%,+972.50%,+142.75%,-142.75%,+223.00%,+174.00%,+1811.50%,+1308.00%,+1168.20%,+167.25%,-144.75%,+457.00%,+306.00%,+1477.50%,+490.00%,+1049.00%,+79.80%,-77.80%,+185.00%,+156.00%,+23.00%
K48,Aląska,+247.60%,+236.10%,+260.60%,+40.00%,-2.50%,+300.00%,+156.24%,+697.20%,+1085.49%,+1232.20%,+142.75%,-140.25%,+118.00%,+236.00%,+1923.80%,+1153.00%,+1033.20%,+128.40%,-124.75%,+175.00%,+103.00%,+1587.75%,+1161.00%,+946.85%,+51.75%,-49.25%,+319.00%,+153.00%,+1330.60%,+414.50%,+802.50%,+124.90%,-116.50%,+98.00%,+53.00%,+17.50%
K48,RogueDamage,+304.60%,+280.10%,+297.10%,+40.00%,-40.00%,+538.76%,+93.72%,+854.20%,+1363.49%,+1471.20%,+47.25%,-58.25%,+134.00%,+291.00%,+2276.05%,+1604.50%,+1180.20%,+151.25%,-136.50%,+312.00%,+217.00%,+1531.50%,+960.00%,+791.35%,+126.25%,-136.75%,+257.00%,+192.00%,+1641.85%,+399.50%,+1043.50%,+47.50%,-25.00%,+186.00%,+145.00%,+22.00%
K48,Sesshōmaru,+307.10%,+238.70%,+264.60%,+41.50%,-41.50%,+542.44%,+68.44%,+870.20%,+864.92%,+1511.62%,+49.00%,-61.50%,+122.00%,+504.00%,+2160.55%,+1688.70%,+971.35%,+156.50%,-134.75%,+348.00%,+250.00%,+1278.20%,+643.70%,+955.20%,+152.50%,-126.75%,+369.00%,+245.00%,+1104.50%,+423.50%,+828.50%,+52.50%,-39.00%,+133.00%,+86.00%,+20.00%
K48,loolka,+285.60%,+241.60%,+277.60%,+40.00%,-40.00%,+210.88%,+162.52%,+752.20%,+924.92%,+1533.62%,+134.75%,-130.25%,+145.00%,+249.00%,+2004.05%,+1488.20%,+808.85%,+144.00%,-122.50%,+211.00%,+155.00%,+1180.70%,+761.20%,+1042.70%,+138.25%,-126.75%,+245.00%,+167.00%,+862.00%,+429.50%,+850.50%,+89.00%,-73.50%,+112.00%,+63.00%,+20.00%
K48,JSc,+311.10%,+233.60%,+271.10%,+41.50%,-8.50%,+552.00%,+126.00%,+663.20%,+909.07%,+1238.62%,+49.40%,-64.40%,+95.00%,+403.00%,+2151.55%,+1307.20%,+768.50%,+154.25%,-128.75%,+234.00%,+93.00%,+1960.50%,+1272.00%,+1196.20%,+162.75%,-142.75%,+420.00%,+304.00%,+1295.50%,+398.00%,+924.00%,+138.50%,-112.50%,+141.00%,+73.00%,+22.50%
K48,G♡LEM™,+274.60%,+243.60%,+275.10%,+41.50%,-41.50%,+332.72%,+76.12%,+827.50%,+1189.07%,+1489.92%,+142.75%,-154.50%,+94.00%,+299.00%,+1973.70%,+1506.20%,+778.50%,+138.25%,-136.75%,+191.00%,+87.00%,+1729.00%,+1304.50%,+1109.85%,+156.50%,-144.75%,+290.00%,+202.00%,+1197.00%,+365.50%,+796.50%,+41.00%,-41.00%,+77.00%,+62.00%,+21.50%
K48,RoguePops,+318.60%,+280.10%,+284.10%,+40.00%,-40.00%,+501.60%,+45.42%,+1134.20%,+1439.49%,+1546.20%,+77.95%,-88.95%,+142.00%,+266.00%,+2119.55%,+1511.50%,+855.20%,+143.25%,-130.75%,+132.00%,+73.00%,+1502.50%,+977.00%,+742.35%,+136.00%,-134.50%,+316.00%,+217.00%,+1522.85%,+406.50%,+967.50%,+60.30%,-46.80%,+84.00%,+63.00%,+22.00%
K48,Slawek,+388.10%,+290.60%,+330.60%,+41.50%,-8.50%,+601.00%,+126.00%,+946.20%,+1106.92%,+1583.62%,+55.25%,-61.25%,+151.00%,+423.00%,+2352.05%,+1776.70%,+1081.35%,+150.25%,-134.75%,+256.00%,+214.00%,+1306.20%,+831.05%,+927.35%,+156.50%,-143.00%,+289.00%,+151.00%,+1255.50%,+497.50%,+1094.50%,+142.00%,-128.50%,+159.00%,+113.00%,+24.50%
K48,Sherzod,+270.10%,+230.10%,+280.60%,+41.50%,-41.50%,+540.52%,+123.84%,+926.20%,+1159.49%,+1170.20%,+142.75%,-152.25%,+134.00%,+314.00%,+2121.55%,+1397.00%,+966.70%,+152.25%,-136.75%,+136.00%,+98.00%,+1614.50%,+1039.00%,+769.85%,+150.25%,-144.75%,+273.00%,+155.00%,+1470.85%,+346.50%,+909.50%,+51.00%,-45.00%,+97.00%,+73.00%,+22.50%
K48,epfle,+266.10%,+190.10%,+254.60%,+41.50%,-4.00%,+499.40%,+67.24%,+787.20%,+1024.49%,+1067.20%,+134.75%,-152.25%,+106.00%,+353.00%,+2027.55%,+1108.50%,+944.20%,+146.75%,-134.75%,+151.00%,+98.00%,+1846.50%,+1246.00%,+981.35%,+153.25%,-144.75%,+215.00%,+124.00%,+1348.35%,+335.50%,+838.00%,+133.00%,-132.50%,+106.00%,+78.00%,+22.50%
K48,SoulBoss,+309.60%,+229.60%,+254.60%,+41.50%,-4.00%,+547.04%,+73.04%,+867.20%,+1334.49%,+1302.20%,+47.25%,-53.25%,+132.00%,+411.00%,+2267.05%,+1661.50%,+1310.20%,+146.75%,-134.75%,+216.00%,+139.00%,+1751.50%,+1169.00%,+845.35%,+150.75%,-128.75%,+254.00%,+157.00%,+1698.85%,+451.50%,+1062.50%,+59.00%,-45.00%,+164.00%,+95.00%,+25.50%
K48,CEO,+344.60%,+272.10%,+289.10%,+41.50%,-41.50%,+600.00%,+201.00%,+977.20%,+1203.49%,+1351.20%,+142.75%,-167.00%,+182.00%,+700.00%,+2148.05%,+1258.50%,+1150.20%,+156.50%,-134.75%,+348.00%,+321.00%,+1950.50%,+1477.00%,+1273.35%,+160.50%,-144.75%,+575.00%,+362.00%,+1575.85%,+509.50%,+1090.50%,+138.50%,-128.50%,+167.00%,+178.00%,+22.50%
K48,[[CEO]],+219.60%,+209.10%,+233.10%,+39.00%,-39.00%,+223.36%,+180.16%,+847.70%,+1278.49%,+1340.70%,+113.50%,-129.00%,+139.00%,+162.00%,+1919.30%,+1268.50%,+667.70%,+79.60%,-72.10%,+53.50%,+35.50%,+1560.00%,+980.00%,+700.85%,+124.50%,-112.50%,+174.00%,+128.00%,+1272.10%,+278.00%,+774.50%,+47.55%,-40.70%,+43.50%,+29.50%,+20.00%
K48,Viking,+269.21%,+214.10%,+237.60%,+37.50%,-37.50%,+146.00%,+118.64%,+812.20%,+1249.99%,+1228.63%,+112.50%,-128.00%,+118.00%,+102.00%,+1440.10%,+945.50%,+631.50%,+54.95%,-51.30%,+73.00%,+62.00%,+1439.00%,+1118.00%,+648.35%,+118.85%,-115.50%,+118.00%,+130.00%,+866.45%,+524.70%,+209.50%,+35.85%,-13.70%,+32.00%,+22.50%,+12.00%
K48,Chucky,+314.60%,+264.10%,+280.10%,+40.00%,-40.00%,+381.68%,+114.54%,+1175.00%,+1403.07%,+1813.99%,+130.50%,-134.25%,+96.00%,+305.00%,+2206.20%,+1617.20%,+649.50%,+138.25%,-118.50%,+116.00%,+59.00%,+1550.50%,+1179.35%,+895.50%,+136.25%,-126.75%,+289.00%,+134.00%,+1198.50%,+448.50%,+883.50%,+44.00%,-23.00%,+74.00%,+57.00%,+21.00%
K48,janitor,+301.60%,+241.80%,+266.60%,+40.00%,-40.00%,+156.32%,+150.12%,+1457.20%,+1687.57%,+1426.13%,+140.75%,-136.25%,+134.00%,+166.00%,+1494.35%,+1166.00%,+887.00%,+125.00%,-116.50%,+93.00%,+84.00%,+1627.50%,+1260.00%,+1031.35%,+146.25%,-132.75%,+203.00%,+149.00%,+1038.00%,+717.50%,+791.00%,+44.00%,-35.50%,+79.00%,+69.00%,+20.00%
K48,™Danielle™ツ,+287.60%,+168.00%,+205.50%,+39.00%,-4.00%,+344.36%,0.00%,+709.20%,+896.92%,+1275.55%,+41.00%,-67.50%,+87.00%,+182.00%,+1852.05%,+1501.05%,+534.50%,+134.50%,-128.50%,+62.00%,+45.00%,+1156.20%,+733.05%,+656.85%,+148.25%,-132.50%,+178.00%,+134.00%,+746.50%,+265.00%,+744.50%,+37.00%,-41.00%,+58.00%,+45.00%,+20.00%
K48,СЕРЖАНТ,+232.10%,+221.60%,+244.60%,+41.50%,-41.50%,+144.48%,+144.80%,+783.20%,+993.07%,+1283.62%,+132.75%,-143.50%,+92.00%,+162.00%,+1934.80%,+1297.70%,+581.00%,+142.75%,-122.50%,+102.00%,+64.00%,+1714.50%,+1422.85%,+1009.85%,+146.75%,-128.50%,+140.00%,+92.00%,+1003.75%,+269.50%,+718.50%,+47.15%,-29.80%,+56.00%,+48.00%,+20.00%
K48,Bell,+241.60%,+262.10%,+268.60%,+41.50%,-37.50%,+243.52%,+84.48%,+739.20%,+967.07%,+1348.55%,+132.50%,-126.90%,+143.00%,+150.00%,+1637.30%,+1262.20%,+625.50%,+132.65%,-112.00%,+143.00%,+11.00%,+1362.75%,+1202.35%,+860.35%,+78.95%,-71.70%,+178.00%,+150.00%,+1054.75%,+404.50%,+726.50%,+48.25%,-26.10%,+64.00%,+55.00%,+12.00%
K48,MARS,+301.60%,+276.60%,+282.60%,+40.00%,-41.50%,+463.84%,+33.66%,+968.20%,+877.92%,+1566.62%,+47.25%,-60.50%,+174.00%,+246.00%,+2099.05%,+1613.20%,+658.85%,+139.00%,-124.50%,+149.00%,+93.00%,+1187.20%,+758.70%,+1052.70%,+152.50%,-138.50%,+235.00%,+158.00%,+981.00%,+395.50%,+836.00%,+135.00%,-112.50%,+122.00%,+81.00%,+23.00%
K48,Nelliel,+316.21%,+227.60%,+256.10%,+40.00%,-40.00%,+279.80%,+11.40%,+846.20%,+1084.42%,+1111.13%,+132.75%,-139.25%,+71.00%,+158.00%,+1394.35%,+1012.50%,+697.50%,+134.75%,-122.75%,+63.00%,+55.00%,+1724.00%,+1153.50%,+728.35%,+56.50%,-47.25%,+348.00%,+154.00%,+1222.70%,+501.20%,+661.50%,+39.50%,-19.00%,+62.00%,+55.00%,+20.00%
K48,warf,+312.10%,+296.60%,+314.10%,+39.00%,-38.50%,+427.40%,+280.68%,+1214.70%,+1019.92%,+1709.62%,+134.75%,-136.25%,+215.00%,+249.00%,+2306.05%,+1565.50%,+1013.20%,+131.25%,-124.75%,+195.00%,+215.00%,+1238.20%,+675.00%,+1400.05%,+138.25%,-136.75%,+236.00%,+224.00%,+1426.20%,+665.50%,+1221.00%,+121.00%,-112.50%,+99.00%,+59.00%,+23.00%
K48,CD,+524.10%,+434.10%,+439.10%,+47.50%,-47.50%,+600.00%,+600.00%,+2330.20%,+3039.50%,+2488.20%,+186.50%,-236.50%,+900.00%,+900.00%,+2723.35%,+1775.50%,+1521.50%,+214.50%,-196.50%,+900.00%,+900.00%,+2778.50%,+1708.00%,+1378.35%,+214.50%,-184.50%,+900.00%,+900.00%,+2115.50%,+1366.50%,+1727.50%,+204.50%,-184.50%,+900.00%,+900.00%,+23.50%
K57,Lulu,+326.85%,+203.10%,+234.10%,+43.75%,-41.50%,+579.04%,+149.36%,+830.70%,+1536.62%,+966.00%,+55.25%,-71.00%,+94.00%,+239.00%,+1223.00%,+1019.00%,+707.70%,+146.50%,-126.50%,+147.00%,+131.00%,+2395.55%,+1742.70%,+963.00%,+173.50%,-146.75%,+513.00%,+349.00%,+1268.50%,+433.50%,+948.00%,+148.50%,-126.50%,+136.00%,+72.00%,+20.00%
K57,SkyJourney,+414.10%,+494.10%,+464.10%,+47.50%,-47.50%,+600.00%,+600.00%,+1885.70%,+2671.00%,+2330.20%,+138.50%,-232.75%,+575.00%,+700.00%,+2548.35%,+2088.00%,+1699.00%,+172.00%,-184.50%,+692.00%,+491.00%,+1996.00%,+1752.00%,+1650.35%,+182.00%,-196.50%,+692.00%,+426.00%,+1921.00%,+1445.50%,+1643.50%,+159.50%,-184.50%,+488.00%,+314.00%,+21.50%
K57,[TFC]BreadStick ╰_╯,+336.35%,+254.10%,+309.10%,+43.75%,-40.00%,+600.00%,+304.74%,+1107.70%,+1537.62%,+829.57%,+41.00%,-61.75%,+93.00%,+327.00%,+1684.50%,+1220.00%,+861.70%,+166.25%,-134.75%,+299.00%,+172.00%,+2535.05%,+1836.70%,+1225.50%,+172.00%,-148.75%,+498.00%,+229.00%,+1400.50%,+503.50%,,,,,+20.00%,
K57,[TFC]H3MC,+276.21%,+238.60%,+267.10%,+39.00%,-39.00%,+307.24%,+212.48%,+753.20%,+1741.04%,+1282.50%,+136.75%,-142.25%,+99.00%,+200.00%,+1040.25%,+1026.50%,+720.70%,+136.00%,-116.50%,+90.00%,+59.00%,+2233.05%,+1602.20%,+792.50%,+152.50%,-134.75%,+316.00%,+204.00%,+762.45%,+588.20%,+319.00%,+35.85%,-25.00%,+25.00%,+67.00%,+20.50%
K57,[TFC]WascallyWabbit,+274.10%,+224.10%,+243.10%,+39.00%,-40.00%,+181.88%,+176.88%,+1043.70%,+1349.62%,+1072.50%,+130.50%,-128.00%,+156.00%,+175.00%,+1156.50%,+912.50%,+586.70%,+60.30%,-46.80%,+102.00%,+118.00%,+2020.05%,+1599.70%,+994.00%,+142.00%,-124.50%,+337.00%,+274.00%,+1329.50%,+354.50%,+726.00%,+32.50%,-19.00%,+84.00%,+93.00%,+20.00%
K57,[TFC]Slawxx,+296.10%,+280.10%,+298.60%,+41.50%,-41.50%,+274.04%,+392.44%,+582.70%,+1019.42%,+1583.62%,+128.50%,-141.75%,+136.00%,+361.00%,+2370.55%,+1868.05%,+944.00%,+147.00%,-132.50%,+313.00%,+296.00%,+1295.70%,+792.70%,+1075.20%,+142.25%,-122.50%,+227.00%,+163.00%,+923.50%,+347.50%,+868.00%,+44.30%,-25.80%,+172.00%,+101.00%,+24.00%
K57,[TFC]Fugas0404,+306.60%,+242.10%,+282.60%,+41.50%,-41.50%,+304.20%,+243.64%,+945.70%,+1628.20%,+1591.99%,+142.75%,-142.75%,+160.00%,+420.00%,+1453.00%,+1139.00%,+690.85%,+136.75%,-149.00%,+149.00%,+87.00%,+2441.05%,+1610.00%,+1482.70%,+158.50%,-160.75%,+395.00%,+253.00%,+870.50%,+468.50%,+870.50%,+48.50%,-45.50%,+119.00%,+69.00%,+21.00%
K57,[TFC]OG^Voyager,+323.21%,+229.60%,+250.60%,+40.00%,-40.00%,+288.12%,+274.80%,+796.70%,+1551.04%,+1080.50%,+123.00%,-134.00%,+131.00%,+142.00%,+846.50%,+849.50%,+499.70%,+40.50%,-40.50%,+109.00%,+72.00%,+2201.05%,+1715.70%,+1361.50%,+144.25%,-135.70%,+310.00%,+247.00%,+740.00%,+540.20%,+261.00%,+38.50%,-25.00%,+25.00%,+66.00%,+21.00%
K57,[TFC]SIMA+,+310.60%,+232.10%,+262.60%,+41.50%,-41.50%,+328.56%,+264.84%,+726.20%,+1425.20%,+1425.20%,+136.50%,-154.50%,+160.00%,+304.00%,+1557.35%,+1132.00%,+615.35%,+104.00%,-134.50%,+104.00%,+93.00%,+2150.70%,+1714.70%,+1173.35%,+152.50%,-144.75%,+394.00%,+221.00%,+811.00%,+274.50%,+811.00%,+38.50%,-41.00%,+67.00%,+67.00%,+22.00%
K57,[TFC]sassy,+307.60%,+253.10%,+277.10%,+39.00%,-39.00%,+389.56%,+330.24%,+737.70%,+1177.99%,+1256.20%,+122.50%,-130.00%,+273.00%,+574.00%,+2073.05%,+1350.00%,+971.70%,+136.25%,-118.50%,+594.00%,+477.00%,+1526.00%,+1141.00%,+955.35%,+130.25%,-124.50%,+363.00%,+336.00%,+1537.85%,+388.05%,+978.00%,+126.00%,-108.50%,+238.00%,+234.00%,+20.00%
K57,[TFC]Michy,+237.10%,+244.60%,+269.60%,+40.00%,-40.00%,+344.52%,+257.50%,+984.70%,+1415.20%,+1210.99%,+136.50%,-133.50%,+92.00%,+215.00%,+1395.75%,+1154.00%,+718.35%,+139.75%,-128.75%,+101.00%,+57.00%,+2285.05%,+1518.00%,+1432.70%,+156.00%,-151.00%,+327.00%,+183.00%,+1168.10%,+369.00%,+819.50%,+33.85%,-25.00%,+66.00%,+49.00%,+21.50%
K57,Klaus,+391.35%,+327.35%,+354.85%,+43.75%,-43.75%,+514.48%,+521.08%,+1028.70%,+1400.57%,+1501.62%,+166.75%,-175.75%,+406.00%,+672.00%,+2602.05%,+2094.70%,+820.00%,+182.50%,-170.75%,+552.00%,+337.00%,+2311.00%,+1976.35%,+1500.85%,+186.50%,-144.75%,+621.00%,+455.00%,+652.50%,+652.50%,+1338.00%,+162.25%,-160.50%,+304.00%,+113.00%,+22.50%
K57,[TFC]TEDDYBEAR,+402.85%,+352.85%,+352.85%,+43.75%,-43.75%,+600.00%,+600.00%,+1196.70%,+1232.57%,+1411.62%,+144.75%,-161.00%,+700.00%,+700.00%,+2278.05%,+1657.70%,+822.00%,+152.75%,-142.75%,+700.00%,+700.00%,+2120.00%,+1528.35%,+1128.35%,+159.00%,-144.75%,+700.00%,+700.00%,+1924.50%,+756.50%,+1412.50%,+152.75%,-142.75%,+644.00%,+565.00%,+24.00%
K57,[TFC]theSacteR,+306.60%,+270.60%,+290.10%,+39.00%,-39.00%,+376.72%,+335.32%,+1746.70%,+2023.00%,+1594.20%,+136.50%,-145.75%,+97.00%,+299.00%,+2093.35%,+1232.00%,+912.00%,+157.00%,-132.50%,+303.00%,+201.00%,+1952.50%,+1198.50%,+990.35%,+146.00%,-130.50%,+185.00%,+137.00%,+1192.50%,+777.50%,+1077.00%,+80.10%,-57.60%,+132.50%,+71.00%,+25.50%
K57,[TFC]ภ๊๏๊ภ๊,+285.85%,+227.60%,+257.60%,+43.75%,-41.50%,+225.28%,+135.32%,+924.70%,+1525.20%,+1382.92%,+142.75%,-147.75%,+131.00%,+141.00%,+1405.25%,+1019.00%,+530.85%,+150.75%,-126.50%,+122.00%,+95.00%,+2384.55%,+1487.50%,+1326.20%,+167.50%,-134.75%,+328.00%,+218.00%,+1221.10%,+377.00%,+840.00%,+46.85%,-25.00%,+128.50%,+69.00%,+21.00%
K57,[TFC]LWS,+282.60%,+244.60%,+257.60%,+41.50%,-41.50%,+295.00%,+174.20%,+752.20%,+1202.07%,+1607.12%,+134.75%,-145.75%,+77.00%,+239.00%,+2197.05%,+1674.70%,+872.00%,+157.00%,-134.75%,+348.00%,+216.00%,+1470.00%,+1084.85%,+782.85%,+142.50%,-122.50%,+145.00%,+91.00%,+1240.00%,+412.00%,+827.00%,+85.00%,-59.50%,+113.00%,+83.00%,+22.00%
K57,[TFC]ХАЛЛ,+301.71%,+257.10%,+257.10%,+40.00%,-40.00%,+415.84%,+276.12%,+807.70%,+1760.04%,+1286.57%,+136.50%,-142.00%,+161.00%,+305.00%,+1220.00%,+1145.00%,+741.70%,+144.75%,-122.50%,+176.00%,+134.00%,+2436.05%,+1665.70%,+1086.85%,+158.25%,-122.50%,+353.00%,+245.00%,+869.20%,+591.70%,+344.60%,+47.50%,-25.00%,+103.00%,+81.00%,+24.00%
K57,[TFC]†•.ศเ้ดอเ.•†,+322.21%,+241.10%,+258.60%,+41.50%,-40.00%,+241.48%,+232.84%,+870.70%,+1532.62%,+1249.92%,+136.50%,-122.25%,+184.00%,+210.00%,+1120.25%,+1030.50%,+634.35%,+138.25%,-118.50%,+143.00%,+115.00%,+2255.05%,+1723.00%,+1236.70%,+148.50%,-124.75%,+505.00%,+350.00%,+867.80%,+544.20%,+268.00%,+30.75%,-21.40%,+118.00%,+63.00%,+20.00%
K57,[TFC]坏小子,+354.21%,+237.60%,+263.10%,+39.00%,-39.00%,+302.72%,+216.96%,+696.70%,+1704.04%,+1212.57%,+136.25%,-136.25%,+95.00%,+232.00%,+1047.50%,+1051.50%,+733.20%,+85.20%,-71.70%,+93.00%,+73.00%,+2300.55%,+1722.70%,+865.00%,+142.25%,-128.75%,+301.00%,+190.00%,+606.70%,+372.50%,+322.50%,+48.70%,-27.70%,+81.00%,+53.00%,+22.00%
K57,[TFC]-KHAN-,+239.10%,+205.60%,+264.60%,+37.50%,-40.00%,+388.08%,+124.08%,+918.00%,+1317.92%,+1195.49%,+57.15%,-57.15%,+98.00%,+183.00%,+2094.70%,+1849.05%,+1140.00%,+151.15%,-134.00%,+354.00%,+183.00%,+957.95%,+514.70%,+638.85%,+44.88%,-51.00%,+89.00%,+89.00%,+813.50%,+276.50%,+379.00%,+44.00%,-22.50%,+90.00%,+69.00%,+21.00%
K57,[TFC]MEHRAB•,+273.60%,+244.60%,+259.10%,+39.00%,-39.00%,+332.08%,+175.00%,+1086.00%,+1581.34%,+1116.57%,+126.50%,-138.00%,+70.00%,+224.00%,+2074.70%,+1505.35%,+1291.20%,+146.00%,-126.50%,+376.00%,+202.00%,+976.70%,+615.20%,+700.50%,+128.50%,-124.50%,+66.00%,+60.00%,+1045.35%,+591.00%,+922.50%,+37.70%,-26.20%,+66.00%,+60.00%,+21.50%
K57,[TFC]TAREK ♂,+386.35%,+336.35%,+342.85%,+43.75%,-43.75%,+600.00%,+506.16%,+1066.70%,+1262.57%,+1423.62%,+134.50%,-179.75%,+700.00%,+700.00%,+2340.05%,+1945.70%,+926.00%,+165.25%,-164.75%,+700.00%,+700.00%,+1883.00%,+1488.35%,+1393.35%,+163.00%,-142.75%,+700.00%,+594.00%,+1595.50%,+638.50%,+1233.00%,+147.25%,-158.50%,+630.00%,+630.00%,+20.00%
K57,[TFC]SOUL,+394.35%,+326.35%,+352.85%,+43.75%,-43.75%,+601.00%,+376.16%,+928.70%,+1483.99%,+1336.20%,+142.75%,-182.00%,+410.00%,+700.00%,+2682.05%,+1925.00%,+1433.70%,+180.25%,-173.00%,+616.00%,+378.00%,+2262.00%,+1438.00%,+1572.35%,+171.50%,-151.00%,+700.00%,+406.00%,+1799.85%,+697.50%,+1348.00%,+165.75%,-160.50%,+238.00%,+208.00%,+24.50%
K57,[TFC]Bobby,+294.35%,+247.10%,+280.10%,+41.50%,-41.50%,+575.52%,+290.84%,+1206.70%,+1500.20%,+1167.99%,+146.75%,-154.50%,+218.00%,+341.00%,+1467.50%,+1203.00%,+764.35%,+152.25%,-137.75%,+143.00%,+97.00%,+2446.05%,+1658.00%,+1532.20%,+163.75%,-152.00%,+486.00%,+356.00%,+1494.85%,+543.50%,+1077.00%,+134.50%,-128.50%,+90.00%,+73.00%,+24.50%
K57,[TFC]GoodbyFriend,+355.96%,+273.10%,+305.60%,+43.75%,-41.50%,+569.04%,+262.88%,+1220.00%,+1798.42%,+946.57%,+142.75%,-158.50%,+127.00%,+400.00%,+1646.00%,+1268.00%,+922.00%,+165.75%,-136.75%,+311.00%,+147.00%,+2132.00%,+1705.00%,+1330.00%,+171.50%,-148.75%,+470.00%,+296.00%,+2255.20%,+1469.20%,+1302.00%,+162.25%,-132.50%,+314.00%,+163.00%,+24.50%
K43,(FLY)༺PEPE༻,277.60%,229.60%,249.10%,41.50%,-40.00%,344.24%,205.48%,821.70%,926.92%,1451.05%,130.50%,-146.25%,131.00%,203.00%,2035.05%,1241.20%,762.85%,151.25%,-126.75%,264.00%,179.00%,1172.70%,702.55%,710.35%,148.75%,-121.50%,239.00%,167.00%,901.50%,303.00%,730.50%,51.00%,-23.00%,107.00%,57.00%,21.00%
K43,(MBD)BarronTG维修,454.10%,429.10%,424.10%,43.75%,-47.50%,470.32%,600.00%,2105.20%,3029.63%,2149.57%,184.50%,-234.50%,604.00%,900.00%,2508.00%,1547.50%,1354.35%,191.50%,-196.50%,900.00%,854.00%,2789.35%,1590.00%,1280.00%,203.50%,-196.50%,900.00%,718.00%,1918.50%,1323.00%,1616.00%,191.50%,-184.50%,900.00%,312.00%,22.00%
K43,(MBD)HAMED,239.61%,165.50%,159.50%,40.00%,-2.50%,458.16%,8.64%,763.70%,1322.62%,1098.42%,41.00%,-56.00%,89.00%,143.00%,1052.00%,909.00%,443.35%,125.00%,-128.50%,70.00%,65.00%,2154.55%,1220.00%,806.70%,138.25%,-130.50%,162.00%,97.00%,1063.05%,537.20%,262.50%,33.50%,-25.00%,70.00%,56.00%,21.50%
K43,(MBD)Ariajunior,298.60%,216.10%,257.60%,41.50%,-41.50%,352.08%,24.84%,853.20%,1616.62%,1185.57%,118.50%,-148.75%,106.00%,282.00%,1312.90%,897.00%,493.20%,136.50%,-132.50%,100.00%,77.00%,2189.55%,1479.20%,1025.40%,150.75%,-130.50%,204.00%,126.00%,1123.20%,341.00%,764.30%,47.00%,-39.00%,91.00%,68.00%,20.00%
K43,(MBD)FreddyKrüger,299.60%,247.60%,270.60%,41.50%,-41.50%,600.00%,126.00%,902.20%,1212.20%,1140.99%,168.75%,-157.25%,122.00%,434.00%,1352.00%,1107.50%,633.35%,153.00%,-128.50%,147.00%,87.00%,2510.05%,1533.00%,1326.70%,176.75%,-126.75%,519.00%,255.00%,1706.35%,779.00%,978.00%,138.50%,-128.50%,144.00%,85.00%,21.50%
K43,(MBD)VanHelsing,329.10%,233.10%,238.10%,40.00%,-40.00%,533.44%,59.44%,1145.20%,1449.62%,1206.57%,55.25%,-58.25%,151.00%,380.00%,1419.00%,952.50%,653.70%,128.50%,-124.50%,140.00%,103.00%,2406.05%,1515.70%,740.00%,156.00%,-128.75%,481.00%,256.00%,1354.00%,488.00%,864.50%,128.50%,-112.50%,138.00%,80.00%,21.50%
K43,(MBD)∆NGEL_OF_DE∆TH_25,320.10%,263.60%,301.60%,41.50%,-41.50%,405.96%,205.36%,752.70%,1414.62%,1033.57%,90.50%,-98.75%,134.00%,321.00%,1480.50%,1040.50%,641.70%,71.75%,-51.00%,308.00%,225.00%,2360.05%,1769.70%,1125.50%,151.00%,-130.50%,413.00%,294.00%,1362.00%,477.50%,986.50%,142.00%,-128.50%,117.00%,83.00%,21.50%
K43,(MBD)Dark✣Noctra,242.10%,230.10%,243.10%,41.50%,-40.00%,516.44%,59.44%,752.70%,1343.62%,1074.57%,53.00%,-55.00%,79.00%,359.00%,1423.50%,892.50%,589.70%,142.25%,-122.50%,169.00%,104.00%,2323.05%,1682.70%,1160.50%,165.25%,-140.75%,313.00%,180.00%,1301.50%,555.00%,1020.00%,123.00%,-112.50%,117.00%,51.00%,23.00%
K43,(MBD)Fonsy,307.21%,173.70%,197.50%,39.00%,-38.50%,426.08%,20.24%,1252.00%,1825.91%,1058.57%,43.00%,-49.50%,102.00%,124.00%,1166.75%,915.50%,731.85%,132.00%,-114.50%,85.00%,51.00%,2200.70%,1594.20%,594.50%,145.75%,-119.50%,324.00%,195.00%,1001.45%,896.20%,313.50%,31.85%,-23.00%,58.00%,32.50%,20.00%
K43,(MBD)Nascar,307.21%,221.60%,263.60%,39.00%,-40.00%,444.70%,36.46%,618.20%,1643.54%,1169.07%,120.50%,-140.50%,114.00%,490.00%,1100.00%,878.00%,496.20%,130.00%,-118.50%,137.00%,83.00%,2219.55%,1606.70%,736.00%,141.00%,-124.00%,244.00%,116.00%,866.20%,535.70%,244.50%,37.00%,-25.00%,90.00%,49.00%,22.00%
K43,(MBD)DarkVeil✣Noctra,345.60%,259.10%,271.60%,41.50%,-41.50%,600.00%,244.56%,1060.20%,1394.62%,1013.57%,166.75%,-154.75%,222.00%,700.00%,1640.00%,1273.50%,862.70%,167.50%,-134.75%,430.00%,207.00%,2420.05%,1829.70%,1228.00%,169.00%,-140.75%,664.00%,329.00%,1864.50%,890.00%,1208.00%,159.25%,-132.50%,254.00%,119.00%,23.50%
K43,(MBD)Veild’Astrée,278.71%,185.90%,220.10%,40.00%,-40.00%,340.50%,3.50%,674.70%,1245.62%,961.92%,43.00%,-47.75%,72.00%,162.00%,965.00%,745.00%,385.35%,48.50%,-29.00%,85.00%,63.00%,2100.05%,1321.00%,928.70%,145.00%,-128.25%,266.00%,120.00%,1088.55%,546.70%,274.00%,40.00%,-23.00%,37.00%,31.00%,20.00%
K43,(MBD)A r i a,361.96%,275.35%,324.85%,43.75%,-43.75%,601.00%,161.58%,1291.50%,1810.34%,561.50%,69.05%,-87.30%,143.00%,339.00%,1462.70%,676.50%,1191.70%,171.50%,-151.00%,531.00%,302.00%,1617.00%,1441.00%,1148.00%,165.75%,-142.75%,202.00%,140.00%,2333.05%,1540.70%,1277.50%,165.75%,-142.75%,255.00%,158.00%,23.50%
K43,(MBD)Mountain#,331.60%,259.60%,288.10%,41.50%,-41.50%,600.00%,160.40%,762.20%,1239.20%,1120.99%,136.50%,-160.75%,90.00%,395.00%,1489.50%,1051.50%,561.35%,148.25%,-134.75%,314.00%,205.00%,2527.05%,1619.00%,1458.20%,169.00%,-144.75%,532.00%,241.00%,1868.85%,723.50%,1046.50%,144.00%,-128.50%,171.00%,80.00%,23.00%
K43,(MBD)༺Soki༻,312.10%,233.90%,270.60%,40.00%,-40.00%,521.84%,68.44%,1134.20%,1432.62%,1130.57%,55.25%,-54.50%,119.00%,313.00%,1482.00%,1016.50%,695.70%,117.25%,-93.25%,168.00%,95.00%,2448.05%,1428.70%,1087.00%,160.50%,-130.50%,475.00%,211.00%,1255.50%,576.00%,1018.00%,138.50%,-112.50%,71.00%,39.00%,24.50%
K43,(MBD)[moosehead],366.34%,329.34%,355.34%,43.75%,-43.75%,600.00%,442.04%,939.20%,1321.20%,1202.99%,136.50%,-159.00%,298.00%,700.00%,1830.00%,1415.50%,952.35%,159.00%,-145.75%,598.00%,446.00%,2616.05%,1822.00%,1695.70%,155.75%,-145.75%,428.00%,301.00%,2270.85%,947.00%,1191.00%,152.75%,-136.50%,403.00%,272.00%,23.00%
K43,(MBD)Arash001,288.10%,238.10%,268.60%,41.50%,-41.50%,575.16%,102.16%,1199.70%,1311.12%,936.57%,61.50%,-63.50%,143.00%,285.00%,1699.50%,960.50%,596.70%,142.00%,-134.50%,87.00%,74.00%,2404.05%,1573.70%,950.50%,162.75%,-143.00%,411.00%,278.00%,1677.50%,365.00%,890.00%,142.00%,-128.50%,83.00%,74.00%,23.00%
K43,(RyB)Gizmoo,289.65%,243.15%,195.05%,41.50%,-41.50%,544.96%,70.96%,877.50%,1285.49%,1167.00%,49.00%,-63.50%,76.00%,199.00%,2047.70%,1197.50%,929.70%,152.25%,-134.50%,239.00%,146.00%,2024.50%,1203.00%,794.00%,160.50%,-136.75%,485.00%,211.00%,1583.85%,420.00%,954.00%,144.75%,-128.50%,185.00%,103.00%,23.00%
K43,(RyB)BLΛCKPΛNTHΣR,320.65%,256.65%,299.65%,41.50%,-41.50%,183.28%,447.36%,1482.20%,1904.50%,1451.70%,132.50%,-155.00%,185.00%,630.00%,1946.35%,1210.50%,861.00%,148.75%,-134.50%,353.00%,220.00%,1774.00%,1176.50%,916.85%,146.75%,-134.50%,263.00%,174.00%,1195.50%,839.00%,1053.00%,138.50%,-128.50%,142.00%,112.00%,23.00%
K43,(RyB)Bitchfist,267.15%,203.15%,229.65%,37.50%,-37.50%,537.04%,96.00%,1175.70%,1251.70%,1241.57%,102.50%,-110.50%,114.00%,221.00%,1628.00%,1004.50%,531.35%,110.50%,-100.50%,117.00%,111.00%,1805.35%,1062.50%,781.00%,112.50%,-102.50%,233.00%,163.00%,1202.50%,320.00%,799.00%,23.00%,-13.00%,81.00%,79.00%,3.00%
K43,(RyB)ODIN,265.15%,252.65%,247.65%,40.00%,-39.00%,501.36%,35.04%,782.70%,912.70%,916.49%,39.00%,-42.75%,125.00%,188.00%,1456.00%,942.50%,479.35%,125.00%,-116.50%,161.00%,117.00%,2166.05%,1291.00%,1187.70%,143.50%,-136.50%,449.00%,263.00%,1477.35%,433.00%,801.50%,29.50%,-19.00%,93.00%,57.00%,20.00%
K43,(RyB)Maria⚔_1,225.65%,139.55%,183.55%,41.50%,-40.00%,326.40%,33.30%,739.20%,1050.42%,1118.63%,31.25%,-46.10%,72.00%,143.00%,2040.80%,1295.50%,1015.70%,134.25%,-120.50%,208.00%,135.00%,1196.25%,774.00%,593.35%,119.35%,-110.00%,39.00%,31.00%,1114.10%,271.00%,580.00%,36.85%,-25.00%,33.00%,28.00%,20.00%
K43,(RyB)J0ris,335.15%,288.65%,306.15%,41.50%,-41.50%,600.00%,161.96%,1255.20%,1603.49%,1621.70%,142.75%,-158.50%,127.00%,588.00%,2283.05%,1258.50%,845.70%,150.25%,-128.50%,344.00%,223.00%,2080.00%,1188.50%,990.85%,162.75%,-144.75%,504.00%,254.00%,1675.35%,440.00%,1086.50%,148.25%,-128.50%,224.00%,113.00%,25.00%
K43,(RyB)Handoru,273.90%,268.65%,297.65%,41.50%,-41.50%,421.72%,111.04%,625.20%,843.00%,1336.12%,25.00%,-61.75%,66.00%,200.00%,2306.80%,1768.20%,1024.50%,144.00%,-134.75%,296.00%,216.00%,1076.25%,641.00%,908.70%,106.60%,-115.25%,202.00%,76.00%,962.75%,345.00%,961.00%,44.35%,-25.00%,99.00%,47.00%,21.00%
K43,(RyB)därkdragon,302.15%,271.15%,272.65%,40.00%,-40.00%,600.00%,257.64%,876.20%,1105.49%,1072.70%,124.50%,-134.00%,249.00%,140.00%,2317.05%,1566.50%,1214.70%,138.00%,-122.50%,281.00%,206.00%,1957.50%,1522.00%,983.35%,122.00%,-122.50%,263.00%,200.00%,1602.35%,441.50%,1079.00%,130.00%,-112.50%,195.00%,151.00%,24.50%
K43,(RyB)Artinen,325.40%,277.15%,298.65%,43.75%,-41.50%,600.00%,131.76%,900.20%,1078.07%,1401.12%,142.75%,-153.25%,110.00%,411.00%,2250.05%,1402.20%,848.00%,154.75%,-124.50%,474.00%,279.00%,2192.00%,1519.00%,1277.70%,165.25%,-144.75%,537.00%,231.00%,1568.00%,430.50%,993.00%,152.75%,-112.50%,166.00%,79.00%,24.00%
K43,(RyB)YaDrunkMate,304.65%,222.15%,265.65%,40.00%,-40.00%,536.64%,62.64%,853.20%,966.49%,999.70%,33.00%,-46.50%,122.00%,282.00%,2125.55%,1218.50%,1049.70%,133.00%,-126.50%,282.00%,172.00%,1822.00%,1234.00%,1033.85%,134.25%,-130.50%,291.00%,189.00%,1467.35%,392.00%,889.50%,37.50%,-25.00%,116.00%,95.00%,22.50%
K159,(ROC)stanley,320.71%,255.10%,270.10%,40.00%,-33.30%,557.16%,85.66%,801.70%,1575.04%,1116.57%,49.00%,-63.50%,102.00%,278.00%,1286.00%,1039.00%,671.70%,147.75%,-134.75%,241.00%,130.00%,2381.05%,1690.70%,843.00%,148.00%,-136.75%,336.00%,162.00%,1107.70%,606.70%,325.00%,46.00%,-45.00%,153.00%,102.00%,22.00%
K159,(ROC)SoldierOfHeaven,492.21%,434.10%,454.10%,41.50%,-43.75%,241.40%,600.00%,1544.20%,2914.63%,2182.99%,138.50%,-213.50%,354.00%,700.00%,1550.00%,1540.00%,1442.35%,133.40%,-145.65%,700.00%,626.00%,2535.35%,2029.00%,1503.00%,164.50%,-196.50%,700.00%,440.00%,896.00%,1548.70%,1292.70%,142.00%,-160.50%,417.00%,215.00%,23.00%
K159,(ROC)Karramba,408.96%,252.10%,310.10%,43.75%,-4.00%,601.00%,126.00%,959.70%,1856.54%,1285.07%,133.50%,-125.25%,163.00%,621.00%,1350.00%,1059.00%,765.70%,172.50%,-128.50%,285.00%,116.00%,3121.05%,2112.70%,999.00%,205.00%,-142.50%,700.00%,593.00%,1247.70%,618.70%,395.00%,72.00%,-41.00%,117.00%,82.00%,23.00%
K159,(ROC)SKY,324.21%,224.10%,220.10%,40.00%,-39.00%,291.36%,124.82%,668.20%,1465.12%,1318.92%,144.75%,-133.75%,105.00%,102.00%,1013.50%,968.50%,601.35%,88.75%,-65.75%,26.00%,33.00%,2316.05%,1426.00%,1037.70%,148.00%,-123.75%,287.00%,236.00%,964.05%,601.70%,244.50%,46.00%,-25.00%,19.50%,19.50%,22.00%
K159,(ROC)NoLife,379.46%,287.85%,345.85%,43.75%,-43.75%,335.16%,307.16%,1588.50%,2280.84%,1163.07%,144.75%,-167.50%,204.00%,537.00%,1356.00%,1098.00%,902.35%,165.75%,-142.75%,312.00%,237.00%,2624.70%,2043.70%,1175.00%,184.00%,-175.00%,400.00%,278.00%,1136.70%,1199.70%,694.00%,156.00%,-136.50%,233.00%,195.00%,23.50%
K159,(ROC)XARDAS,353.46%,239.45%,257.85%,43.75%,-31.10%,570.04%,96.04%,942.70%,1714.04%,1220.57%,55.25%,-72.75%,76.00%,305.00%,1230.00%,1012.00%,643.70%,152.75%,-130.50%,162.00%,63.00%,2530.05%,1814.20%,930.50%,171.25%,-144.75%,445.00%,287.00%,1076.70%,657.70%,387.00%,55.50%,-41.00%,68.00%,55.00%,23.50%
K159,(ROC)FREJKA,354.46%,194.00%,224.40%,41.50%,-2.50%,509.32%,68.44%,817.20%,1630.04%,1057.57%,61.25%,-58.25%,111.00%,153.00%,1141.00%,978.00%,610.70%,118.75%,-99.25%,80.00%,65.00%,2347.05%,1599.70%,667.00%,158.25%,-140.75%,200.00%,146.00%,1041.70%,570.70%,373.00%,51.00%,-25.00%,66.00%,63.00%,22.50%
K159,(ROC)Fenix,357.96%,226.10%,253.60%,43.75%,-30.25%,587.04%,113.04%,969.70%,1558.62%,1379.99%,73.00%,-62.00%,107.00%,296.00%,1390.00%,998.00%,721.70%,176.75%,-130.50%,171.00%,69.00%,2743.05%,1810.70%,877.00%,199.00%,-130.00%,504.00%,302.00%,890.00%,628.70%,500.20%,68.50%,-39.00%,101.00%,59.00%,22.00%
K159,(ROC)BLUESHAHED191,271.10%,229.10%,252.10%,40.00%,-39.00%,186.90%,188.26%,955.70%,1453.62%,1119.57%,138.75%,-136.25%,146.00%,153.00%,1288.50%,921.00%,556.70%,40.00%,-36.50%,137.00%,140.00%,2266.05%,1704.70%,1100.00%,144.50%,-130.00%,182.00%,182.00%,1058.00%,303.00%,768.00%,32.50%,-25.00%,55.00%,45.00%,22.00%
K159,(ROC)Турист,322.21%,252.60%,244.60%,40.00%,-39.00%,205.00%,77.28%,1040.70%,1621.04%,1162.00%,134.75%,-136.25%,119.00%,136.00%,972.00%,889.50%,681.20%,68.20%,-61.70%,66.00%,73.00%,2246.55%,1514.70%,836.00%,157.00%,-132.75%,298.00%,207.00%,885.20%,597.70%,301.00%,37.50%,-25.00%,44.00%,49.00%,20.00%
K159,(ROC)Taliban,370.96%,235.66%,270.10%,43.75%,-41.50%,525.44%,174.64%,834.70%,1837.04%,1222.57%,142.75%,-148.75%,81.00%,383.00%,1236.00%,1224.00%,916.70%,154.75%,-134.75%,367.00%,162.00%,2638.05%,1946.70%,935.00%,167.25%,-136.75%,570.00%,348.00%,1090.70%,587.70%,405.00%,59.00%,-45.00%,105.00%,73.00%,23.00%
K159,(ROC)HammerDoob,299.71%,151.50%,258.60%,40.00%,-1.00%,367.32%,0.00%,681.20%,1126.62%,881.92%,22.00%,-50.50%,117.00%,188.00%,1171.50%,815.00%,510.85%,123.00%,-112.50%,109.00%,78.00%,2113.05%,1278.00%,883.20%,136.50%,-119.00%,291.00%,210.00%,933.05%,509.20%,257.00%,33.00%,-19.00%,70.00%,57.00%,20.00%
K159,(ROC)Nobody,367.46%,271.10%,267.60%,41.50%,-4.90%,583.00%,109.00%,930.70%,1740.04%,1332.57%,79.25%,-59.00%,117.00%,409.00%,1252.00%,1032.50%,735.20%,159.25%,-130.50%,209.00%,133.00%,2781.05%,1930.70%,1024.00%,176.75%,-135.00%,636.00%,406.00%,1113.70%,686.70%,354.00%,51.00%,-41.00%,118.00%,103.00%,24.50%
K159,(ROC)华子A,369.21%,271.60%,295.60%,41.50%,-41.50%,545.32%,228.84%,829.70%,1770.04%,1212.57%,136.50%,-147.00%,118.00%,547.00%,1379.00%,1219.00%,878.70%,154.50%,-136.75%,281.00%,124.00%,2524.05%,1946.70%,1101.00%,165.25%,-128.75%,565.00%,331.00%,1031.20%,636.20%,352.50%,54.50%,-41.00%,126.00%,81.00%,22.00%
K159,(ROC)AlQaeda,344.71%,234.10%,258.60%,41.50%,-41.50%,356.64%,106.44%,621.70%,1643.04%,1030.50%,128.50%,-140.75%,103.00%,201.00%,1160.50%,1058.00%,690.20%,146.50%,-134.50%,200.00%,115.00%,2321.05%,1752.70%,777.00%,157.00%,-130.50%,420.00%,232.00%,930.70%,523.70%,341.00%,51.00%,-39.00%,126.00%,81.00%,20.00%
K159,(ROC)爱吃甜食的先生,328.71%,238.60%,263.10%,41.50%,-41.50%,360.32%,141.80%,615.70%,1689.04%,1173.57%,128.50%,-143.50%,100.00%,269.01%,1173.00%,977.00%,624.70%,131.25%,-128.50%,130.00%,74.00%,2316.05%,1713.70%,803.00%,148.00%,-128.75%,409.00%,229.00%,961.20%,598.70%,328.00%,42.50%,-25.00%,76.00%,61.00%,21.00%
K159,(ROC)Makaveli,404.96%,254.00%,295.85%,43.75%,-43.75%,600.00%,179.82%,793.70%,2011.04%,1302.57%,49.00%,-77.75%,184.00%,700.00%,1306.00%,991.00%,646.70%,161.00%,-136.50%,344.00%,243.00%,2654.05%,1954.70%,1048.00%,167.25%,-144.75%,426.00%,269.00%,1015.70%,669.70%,472.00%,59.00%,-49.00%,181.00%,148.00%,24.00%
K159,(ROC)Ghost,327.71%,235.10%,268.60%,43.75%,-41.50%,600.00%,205.60%,851.70%,1616.54%,1103.07%,105.75%,-107.75%,69.00%,323.00%,1206.00%,1016.00%,664.70%,140.25%,-134.75%,340.00%,129.00%,2523.05%,1852.70%,931.00%,166.75%,-136.75%,565.00%,315.00%,1038.70%,578.70%,338.00%,44.50%,-45.00%,66.00%,52.00%,22.00%
K159,(ROC)舔羊狒狒,428.96%,332.85%,362.85%,43.75%,-43.75%,558.52%,600.00%,1008.70%,2125.04%,1462.57%,144.75%,-173.50%,406.00%,700.00%,1388.00%,1298.00%,971.70%,152.75%,-142.75%,700.00%,534.00%,2641.05%,2160.70%,1264.00%,152.75%,-144.75%,700.00%,546.00%,1115.70%,956.70%,732.00%,152.75%,-142.75%,522.00%,331.00%,22.50%
K159,(ROC)Alex885,330.71%,258.60%,265.60%,41.50%,-41.50%,378.48%,148.04%,1040.70%,1443.62%,1338.99%,142.75%,-140.25%,137.00%,275.00%,1211.00%,1034.00%,625.35%,145.75%,-124.75%,131.00%,88.00%,2291.05%,1136.00%,950.70%,152.00%,-136.75%,395.00%,185.00%,1007.05%,598.20%,323.50%,46.00%,-25.00%,85.00%,73.00%,21.00%
K159,(ROC)maybeOksana,311.21%,244.10%,264.60%,37.50%,-39.00%,296.04%,58.64%,811.70%,1587.04%,1113.57%,136.50%,-140.25%,135.00%,170.00%,936.75%,937.00%,577.70%,31.15%,-32.00%,109.00%,81.00%,2380.30%,1794.70%,899.00%,147.00%,-143.50%,291.00%,232.00%,799.95%,537.70%,322.00%,27.15%,-25.00%,51.00%,42.00%,18.50%
K159,(ROC)noè220,174.21%,145.10%,138.90%,30.40%,-31.15%,82.92%,87.96%,740.20%,1164.55%,838.50%,83.40%,-86.90%,69.00%,69.00%,735.50%,709.50%,388.35%,55.65%,-62.50%,38.50%,33.00%,1604.85%,1060.50%,764.00%,105.35%,-108.00%,60.00%,60.00%,785.20%,466.20%,238.50%,55.60%,-46.10%,33.00%,26.00%,12.00%
K159,(ROC)LegëndCR7,324.60%,259.10%,228.50%,41.50%,-5.51%,551.04%,78.04%,1034.70%,1515.62%,1135.57%,61.50%,-67.00%,181.00%,25.00%,1472.50%,1029.00%,595.70%,132.00%,-128.50%,67.00%,59.00%,2449.05%,1722.20%,1103.00%,162.75%,-148.75%,476.00%,297.00%,1460.00%,393.00%,1001.00%,56.50%,-45.00%,253.00%,147.00%,22.00%
K159,(ROC)JOO,284.71%,234.00%,238.60%,40.00%,-40.00%,168.76%,106.76%,1663.70%,1828.92%,1401.63%,141.00%,-138.25%,182.00%,159.00%,1384.35%,1096.00%,770.50%,143.25%,-120.50%,162.00%,104.00%,1355.50%,1000.00%,625.35%,122.00%,-124.50%,93.00%,67.00%,842.70%,942.70%,352.50%,119.70%,-103.20%,80.00%,69.00%,20.00%
K159,(SEA)Jan,433.96%,324.85%,338.85%,41.50%,-41.50%,476.32%,600.00%,2116.70%,2801.55%,1848.57%,178.75%,-188.25%,261.00%,700.00%,1126.00%,1181.50%,1089.85%,128.00%,-107.00%,239.00%,180.00%,2479.35%,1786.00%,865.00%,173.75%,-172.50%,700.00%,428.00%,1029.20%,1300.70%,764.50%,146.50%,-136.50%,210.00%,106.00%,25.00%
K159,(SEA)Brewer,301.21%,232.10%,258.60%,40.00%,-40.00%,214.66%,106.70%,928.20%,1654.54%,1211.57%,134.75%,-142.00%,87.00%,166.00%,1012.50%,978.00%,665.20%,71.00%,-65.50%,83.00%,74.00%,2367.05%,1706.70%,667.00%,146.00%,-136.75%,240.00%,160.00%,841.70%,569.20%,298.00%,29.71%,-26.20%,47.00%,37.00%,20.50%
K159,(SEA)player123,372.21%,249.60%,282.10%,40.00%,-40.00%,423.00%,126.00%,762.20%,1780.05%,1337.57%,142.75%,-146.25%,79.00%,346.00%,1128.00%,1032.00%,762.70%,134.75%,-124.75%,234.00%,105.00%,2580.05%,1854.70%,940.00%,160.50%,-144.75%,524.00%,221.00%,925.20%,666.70%,411.50%,41.00%,-25.00%,67.00%,44.00%,23.00%
K159,(SEA)player789,260.21%,184.10%,230.60%,39.00%,-39.00%,264.84%,50.44%,545.70%,1386.54%,911.57%,27.00%,-39.85%,32.50%,78.00%,915.75%,933.00%,648.70%,25.50%,-31.00%,78.00%,32.00%,2320.80%,1697.70%,723.00%,133.35%,-114.00%,211.00%,90.50%,833.45%,534.70%,243.00%,28.85%,-23.00%,24.50%,19.00%,20.00%
K159,(SEA)CeaserAugusto,304.10%,218.10%,267.10%,40.00%,-40.00%,358.34%,48.94%,700.20%,864.57%,1208.12%,49.00%,-58.75%,90.00%,258.00%,1911.55%,1392.70%,365.50%,117.25%,-93.00%,134.00%,83.00%,1947.00%,1511.35%,1113.85%,154.25%,-146.50%,315.00%,151.00%,1043.00%,370.50%,895.00%,38.50%,-25.00%,61.00%,53.00%,22.00%
K159,(SEA)Deyva,281.98%,248.98%,272.98%,41.50%,-40.00%,408.88%,231.56%,1069.00%,2078.92%,1355.58%,120.50%,-141.75%,85.00%,199.00%,2389.70%,1661.00%,1603.70%,157.00%,-130.75%,378.00%,251.00%,1354.00%,960.00%,682.00%,81.50%,-83.75%,90.00%,56.00%,1475.35%,656.00%,961.50%,58.50%,-29.00%,90.00%,56.00%,22.50%
K159,(SEA)BobiD,367.46%,262.60%,295.10%,43.75%,-41.50%,600.00%,205.85%,1389.00%,2307.34%,1502.57%,144.75%,-155.50%,171.00%,470.00%,1266.00%,1080.50%,960.85%,152.75%,-128.75%,185.00%,165.00%,2422.70%,1843.70%,1018.00%,167.25%,-144.75%,461.00%,297.00%,1119.20%,1011.70%,430.50%,61.00%,-27.00%,111.00%,93.00%,23.50%
K159,(SEA)leilaa,271.48%,240.48%,261.48%,40.00%,-39.00%,450.96%,171.12%,1550.20%,1803.50%,1544.20%,128.50%,-132.25%,84.00%,261.00%,1869.35%,1254.50%,749.50%,139.00%,-126.50%,282.00%,177.00%,1778.00%,1044.50%,838.85%,150.25%,-130.50%,305.00%,162.00%,1215.50%,686.00%,909.50%,43.50%,-25.00%,93.00%,75.00%,22.50%
K159,(SEA)CiTeK,348.71%,231.60%,261.10%,41.50%,-40.00%,332.24%,312.50%,635.70%,1858.54%,1340.57%,142.75%,-145.00%,75.00%,358.00%,933.00%,907.00%,589.70%,62.25%,-38.50%,92.00%,73.00%,2553.05%,1890.70%,1012.50%,166.75%,-148.75%,429.00%,207.00%,898.20%,613.70%,412.50%,51.00%,-25.00%,85.00%,53.00%,22.00%
K159,(SEA)Arecki,313.21%,228.60%,245.60%,41.50%,-41.50%,328.76%,215.56%,601.70%,1695.54%,1229.57%,128.50%,-141.50%,98.00%,175.00%,1044.00%,951.00%,629.70%,138.51%,-122.50%,67.00%,59.00%,2410.05%,1794.70%,900.00%,152.75%,-126.75%,341.00%,202.00%,866.70%,572.20%,279.00%,45.00%,-23.00%,59.00%,53.00%,20.00%
K159,(SEA)Boo,307.71%,242.60%,274.60%,37.50%,-41.50%,268.00%,139.10%,1186.00%,2109.34%,1170.57%,136.50%,-146.75%,99.00%,229.00%,1018.00%,964.50%,805.85%,50.90%,-41.00%,138.00%,136.00%,2126.95%,1619.70%,899.00%,145.50%,-134.75%,266.00%,232.00%,856.20%,941.20%,364.00%,32.50%,-39.00%,100.00%,59.00%,16.00%
K282,(PLY)༺PEPE༻,272.60%,229.60%,244.10%,41.50%,-40.00%,475.44%,13.96%,867.20%,766.92%,1291.05%,41.00%,-56.75%,131.00%,203.00%,2017.55%,1308.70%,821.85%,150.75%,-126.75%,254.00%,179.00%,1188.70%,702.55%,710.35%,154.75%,-121.50%,239.00%,167.00%,933.50%,303.00%,730.50%,51.00%,-23.00%,124.00%,57.00%,20.50%
K282,(Mac)Farm00000000001,440.85%,346.85%,405.85%,43.75%,-43.75%,499.36%,583.00%,1830.20%,2464.00%,1923.20%,172.50%,-207.75%,341.00%,900.00%,2705.35%,1887.50%,1564.50%,192.50%,-172.50%,900.00%,512.00%,1951.50%,1501.50%,1330.85%,143.50%,-157.50%,719.00%,339.00%,1674.00%,1099.00%,1540.00%,181.50%,-160.50%,616.00%,290.00%,21.50%
K282,(Mac)夜未央,452.10%,351.60%,422.10%,47.50%,-47.50%,448.56%,357.68%,1157.20%,2258.92%,2247.20%,136.50%,-230.75%,155.00%,900.00%,2983.55%,2009.50%,1515.20%,201.75%,-197.50%,854.00%,576.00%,1825.00%,1434.00%,1187.35%,182.50%,-187.50%,462.00%,170.00%,1808.35%,837.50%,1438.50%,200.75%,-184.50%,252.00%,165.00%,22.50%
K282,(Mac)・妖彡一・,289.85%,241.35%,255.35%,41.50%,-41.50%,456.12%,51.44%,705.50%,1026.07%,930.42%,49.00%,-61.25%,78.00%,220.00%,1980.20%,1609.20%,652.50%,150.25%,-134.75%,244.00%,90.00%,2024.50%,1498.50%,1270.85%,162.75%,-140.75%,502.00%,303.00%,1243.00%,288.00%,724.00%,51.00%,-41.00%,58.00%,50.00%,21.50%
K282,(Mac)PaPillon,336.90%,292.40%,306.40%,43.75%,-43.75%,575.52%,222.40%,952.20%,1361.99%,1330.20%,138.50%,-165.75%,149.00%,603.00%,2407.05%,1326.50%,911.20%,167.25%,-144.75%,498.00%,318.00%,1803.50%,1021.50%,809.85%,152.75%,-128.50%,205.00%,146.00%,1965.85%,563.50%,1160.00%,152.75%,-134.50%,336.00%,136.00%,22.00%
K282,(Mac)Sakura,247.71%,224.60%,232.10%,41.50%,-40.00%,187.44%,141.40%,804.70%,1476.55%,1180.42%,116.50%,-135.60%,103.00%,141.00%,924.75%,839.00%,507.85%,93.30%,-89.80%,74.00%,51.00%,2061.60%,1270.50%,1041.70%,137.60%,-118.25%,245.00%,138.00%,923.80%,617.70%,248.50%,44.35%,-30.50%,42.00%,42.00%,20.00%
K282,(Mac)༺KinG亖Eblis༻,328.40%,232.40%,282.40%,40.00%,-41.50%,521.16%,115.62%,807.20%,958.07%,1223.05%,55.25%,-65.00%,169.00%,260.00%,1775.85%,1208.00%,880.50%,150.25%,-132.75%,323.00%,214.00%,2262.20%,1523.00%,1442.05%,162.75%,-142.75%,486.00%,308.00%,1246.85%,395.00%,812.00%,54.50%,-39.00%,70.00%,62.00%,20.50%
K282,(Mac)Alien,310.71%,237.60%,281.60%,41.50%,-40.00%,486.88%,76.98%,716.70%,1321.05%,1064.42%,41.00%,-58.25%,71.00%,137.00%,1163.00%,879.50%,494.85%,119.00%,-97.00%,99.00%,77.00%,2187.05%,1350.50%,970.20%,157.00%,-136.75%,316.00%,181.00%,1029.05%,469.70%,257.00%,47.00%,-25.00%,58.00%,56.00%,20.00%
K282,(Mac)Farm00000000002,352.21%,245.60%,278.10%,40.00%,-19.00%,533.68%,84.16%,1026.70%,1580.54%,1097.07%,71.60%,-82.60%,76.00%,264.00%,1183.00%,1059.50%,791.20%,144.75%,-128.50%,107.00%,60.00%,2528.55%,1585.20%,857.50%,152.00%,-144.75%,532.00%,241.00%,1005.20%,629.70%,395.00%,43.50%,-25.00%,75.00%,58.00%,21.50%
K282,(Mac)SHNKSツ,343.85%,301.85%,328.35%,43.75%,-43.75%,541.16%,165.20%,810.70%,1137.42%,1649.62%,136.50%,-155.25%,150.00%,502.00%,2442.55%,2057.55%,1080.50%,157.25%,-149.00%,503.00%,305.00%,1245.20%,655.20%,874.70%,144.75%,-138.50%,252.00%,171.00%,1156.00%,387.00%,981.00%,142.75%,-136.50%,272.00%,167.00%,21.00%
K282,(Mac)敢°・○魔鬼_276,274.86%,231.75%,271.25%,40.00%,-40.00%,211.12%,41.44%,770.20%,1696.97%,1250.00%,110.50%,-126.35%,84.00%,303.00%,990.75%,907.50%,677.20%,80.50%,-87.00%,79.00%,46.00%,2172.30%,1441.70%,686.50%,127.85%,-119.25%,411.00%,169.00%,816.95%,578.70%,234.00%,32.95%,-25.10%,74.00%,46.00%,20.00%
K282,(Mac)†II†,232.10%,190.10%,283.60%,40.00%,-40.00%,132.40%,85.80%,693.70%,877.62%,1092.13%,130.50%,-126.90%,76.00%,105.00%,1976.80%,1350.90%,964.70%,140.90%,-117.00%,254.00%,154.00%,661.45%,396.00%,518.15%,20.00%,-27.00%,24.00%,20.00%,701.60%,166.00%,550.30%,31.15%,-7.00%,13.50%,12.50%,12.00%
K282,(Mac)TanjiroKamado,250.21%,239.10%,247.60%,40.00%,-40.00%,190.40%,124.28%,770.70%,1443.05%,1141.92%,112.50%,-138.75%,85.00%,134.00%,890.25%,917.00%,653.35%,88.50%,-87.00%,90.00%,43.00%,2130.60%,1310.50%,1004.70%,139.60%,-132.75%,259.00%,147.00%,971.20%,587.70%,279.00%,42.35%,-28.50%,42.00%,40.00%,20.00%
K282,(Mac)小流星,395.51%,275.90%,307.90%,43.75%,-43.75%,600.00%,126.00%,1286.20%,1827.54%,1338.07%,57.25%,-77.75%,164.00%,621.00%,1285.00%,1143.50%,799.20%,152.75%,-136.50%,178.00%,146.00%,2733.55%,1601.70%,959.00%,173.50%,-144.75%,631.00%,396.00%,1058.70%,684.70%,412.00%,59.00%,-49.00%,181.00%,146.00%,22.50%
K282,(Mac)大黃蜂,386.51%,276.40%,302.40%,43.75%,-43.75%,600.00%,126.00%,1285.20%,1902.04%,1408.57%,57.25%,-84.00%,220.00%,448.00%,1194.00%,1141.50%,797.20%,146.50%,-136.50%,173.00%,146.00%,2735.55%,1554.20%,917.50%,173.50%,-144.75%,677.00%,434.00%,1153.70%,689.70%,412.00%,59.00%,-49.00%,166.00%,146.00%,22.50%
K282,(Mac)Nツ,323.59%,255.34%,319.34%,41.50%,-43.75%,575.52%,184.08%,917.70%,1349.62%,1000.57%,55.25%,-61.50%,143.00%,547.00%,1822.50%,1057.50%,938.20%,140.25%,-142.75%,252.00%,161.00%,2413.55%,1821.20%,1230.00%,150.50%,-144.75%,537.00%,252.00%,1220.50%,442.00%,921.00%,41.00%,-49.00%,117.00%,74.00%,22.00%
K282,(Mac)陳小光,396.60%,349.10%,399.10%,47.50%,-47.50%,449.60%,473.92%,965.70%,1688.99%,1491.20%,162.50%,-216.50%,240.00%,900.00%,2545.05%,1920.50%,1426.20%,193.50%,-199.00%,747.00%,337.00%,2437.50%,1637.50%,1653.85%,209.75%,-194.50%,877.00%,397.00%,1695.85%,599.50%,1327.00%,149.25%,-155.00%,192.00%,139.00%,22.00%
K162,(aaa)星巴克,487.85%,402.85%,447.85%,43.75%,-43.75%,600.00%,600.00%,1914.70%,2751.00%,2112.70%,196.50%,-216.00%,700.00%,900.00%,2457.35%,1967.00%,1665.00%,191.50%,-170.50%,700.00%,700.00%,2004.00%,1604.00%,1400.35%,191.50%,-196.50%,900.00%,700.00%,1864.50%,1283.50%,1736.00%,180.50%,-160.00%,700.00%,700.00%,23.00%
K162,(aaa)军哥哥,462.85%,377.85%,422.85%,43.75%,-43.75%,600.00%,601.00%,2063.70%,2660.00%,2111.70%,138.50%,-188.25%,373.00%,700.00%,2495.35%,1498.00%,1186.00%,159.00%,-144.75%,700.00%,700.00%,2269.00%,1490.00%,1294.35%,159.00%,-160.50%,700.00%,382.00%,1767.00%,1125.50%,1589.00%,152.75%,-152.75%,532.00%,270.00%,25.00%
K162,(aaa)我是TRU们的爹呀,272.10%,224.60%,261.00%,38.50%,-40.00%,360.40%,281.00%,751.70%,1130.57%,1497.12%,124.50%,-134.00%,162.00%,186.00%,1965.05%,1651.70%,848.00%,134.00%,-118.50%,420.00%,125.00%,1670.00%,1146.35%,706.35%,54.50%,-54.50%,275.00%,173.00%,1006.00%,306.50%,756.00%,25.00%,-25.00%,72.00%,62.00%,22.00%
K162,(aaa)Goku,309.10%,205.10%,298.00%,41.50%,-41.50%,351.68%,315.96%,796.70%,1192.42%,1756.12%,144.75%,-154.50%,79.00%,310.00%,2365.05%,1825.70%,1152.35%,152.75%,-134.75%,300.00%,200.00%,1127.70%,839.05%,950.35%,60.50%,-57.25%,285.00%,196.00%,967.00%,455.50%,1047.00%,47.50%,-25.00%,89.00%,77.00%,22.00%
K162,(aaa) (杨家将）～～～,398.96%,300.85%,307.35%,43.75%,-43.75%,449.08%,275.88%,941.70%,1791.41%,1583.70%,124.50%,-154.50%,129.00%,517.00%,2061.05%,1618.00%,1243.70%,145.25%,-136.75%,232.00%,123.00%,1720.00%,1278.00%,802.35%,153.50%,-152.00%,501.00%,280.00%,1211.05%,778.20%,980.00%,85.50%,-98.10%,250.00%,73.00%,23.00%
K162,(aaa)Viature,248.60%,255.60%,273.60%,40.00%,-40.00%,314.00%,185.28%,1259.00%,1782.27%,1260.07%,134.75%,-145.75%,89.00%,162.00%,1942.45%,1103.05%,143.00%,128.50%,-120.50%,80.00%,69.00%,1200.70%,773.70%,817.00%,144.50%,-126.50%,287.00%,194.00%,890.60%,656.50%,846.50%,25.00%,-25.00%,70.00%,45.00%,21.00%
K162,(aaa)Singa,320.60%,266.60%,296.60%,41.50%,-41.50%,293.96%,252.88%,861.70%,1152.42%,1726.12%,138.75%,-151.50%,169.00%,302.00%,2502.05%,1862.70%,1176.35%,157.00%,-134.75%,420.00%,125.00%,1625.00%,1143.00%,706.35%,57.25%,-55.25%,127.00%,173.00%,946.00%,455.50%,1037.00%,54.50%,-25.00%,73.00%,62.00%,22.00%
K162,(aaa)杨家将～龙将,390.96%,256.10%,271.60%,41.50%,-41.50%,492.52%,255.80%,739.70%,1742.41%,1472.70%,124.50%,-149.75%,110.00%,381.00%,1911.05%,1558.00%,1215.70%,138.00%,-128.50%,158.00%,108.00%,1625.00%,1261.00%,693.35%,136.75%,-136.75%,376.00%,240.00%,1052.05%,653.20%,479.00%,85.00%,-83.00%,81.00%,85.00%,20.00%
K162,(aaa)North,334.85%,280.60%,280.60%,43.75%,-41.50%,360.00%,316.59%,868.70%,1199.42%,1798.62%,138.50%,-150.50%,137.00%,509.00%,2345.05%,1864.70%,1179.35%,156.75%,-134.75%,339.00%,159.00%,1377.70%,978.05%,1062.35%,169.25%,-144.75%,503.00%,265.00%,1166.00%,455.50%,1039.00%,51.50%,-41.00%,89.00%,87.00%,25.00%
K162,(aaa)库迪咖啡,350.10%,267.60%,303.60%,41.50%,-41.50%,492.48%,522.48%,1084.70%,1619.57%,1833.12%,142.50%,-162.75%,78.00%,509.00%,2345.05%,1548.70%,761.00%,154.50%,-134.75%,346.00%,159.00%,2166.50%,1508.35%,1148.35%,154.50%,-144.75%,700.00%,411.00%,1510.00%,564.50%,1194.00%,138.50%,-128.50%,89.00%,64.00%,24.00%
K162,(aaa)戌犬大郎,326.35%,230.10%,267.10%,41.50%,-41.50%,392.04%,136.80%,1182.50%,1771.57%,1304.49%,142.75%,-148.75%,74.00%,253.00%,2027.70%,1759.70%,1206.00%,142.25%,-136.75%,301.00%,184.00%,1846.50%,1388.85%,807.50%,156.50%,-136.75%,389.00%,222.00%,1241.00%,656.50%,872.00%,85.00%,-83.00%,70.00%,45.00%,23.00%
K162,(aaa)极品辣椒,319.60%,253.10%,293.60%,41.50%,-40.00%,591.00%,152.52%,792.70%,1179.42%,1639.12%,136.50%,-154.00%,66.00%,208.00%,2314.55%,1821.70%,1066.35%,149.25%,-128.75%,285.00%,112.00%,1339.70%,927.05%,980.85%,154.25%,-152.00%,453.00%,203.00%,1036.00%,336.50%,952.00%,25.00%,-21.00%,67.00%,39.00%,22.00%
K162,(aaa)成王败大佐,353.85%,295.10%,285.60%,43.75%,-41.50%,524.48%,325.32%,1076.70%,1553.57%,1905.12%,168.75%,-178.25%,311.00%,521.00%,2523.05%,2000.70%,1205.00%,185.00%,-144.75%,453.00%,203.00%,2061.50%,1531.35%,1115.35%,186.75%,-170.50%,447.00%,447.00%,1521.00%,716.50%,1156.00%,152.75%,-140.75%,81.00%,100.00%,24.00%
K162,(aaa)NARUTO,492.85%,372.85%,412.85%,43.75%,-43.75%,601.00%,600.00%,2231.20%,2753.50%,2019.20%,186.50%,-199.75%,700.00%,700.00%,2622.35%,1601.00%,1193.00%,191.75%,-159.75%,700.00%,700.00%,2503.00%,1554.00%,1221.00%,201.50%,-166.75%,700.00%,700.00%,1974.00%,1164.50%,1619.00%,191.50%,-160.50%,700.00%,700.00%,20.50%
K162,(aaa)Winterfell,348.10%,309.10%,321.60%,39.00%,-38.50%,379.76%,325.88%,801.20%,1243.07%,1673.62%,138.25%,-138.25%,302.00%,630.00%,2352.05%,1664.70%,887.00%,142.25%,-122.75%,630.00%,369.00%,1559.00%,1333.35%,1190.35%,140.25%,-136.75%,505.00%,280.00%,1430.00%,625.50%,1185.00%,112.50%,-112.50%,452.00%,218.00%,20.00%
K162,(aaa)一心一亿,353.85%,278.85%,282.85%,43.75%,-41.50%,342.32%,331.32%,972.70%,1173.42%,1740.55%,142.75%,-151.00%,209.00%,331.00%,2144.05%,1787.70%,1148.35%,135.50%,-136.75%,223.00%,111.00%,1306.20%,1036.35%,163.00%,38.50%,-39.00%,389.00%,240.00%,972.00%,619.50%,1003.00%,146.50%,-128.50%,81.00%,60.00%,22.00%
K162,(aaa)Asleguer,283.60%,235.10%,273.10%,40.00%,-40.00%,316.72%,252.32%,604.70%,1138.07%,1481.62%,120.50%,-139.75%,136.00%,212.00%,2121.05%,1589.70%,734.00%,141.75%,-130.50%,431.00%,250.00%,1317.00%,1017.35%,687.35%,44.50%,-44.50%,244.00%,132.00%,1241.00%,360.50%,952.00%,27.00%,-27.00%,133.00%,70.00%,20.00%
K162,(aaa)perroSánchez,284.10%,252.10%,271.10%,41.50%,-41.50%,252.92%,186.92%,913.70%,1088.57%,1514.12%,134.50%,-147.75%,123.00%,282.00%,1995.05%,1613.70%,806.00%,144.75%,-128.75%,140.00%,140.00%,1528.00%,1177.35%,807.35%,59.25%,-59.25%,316.00%,176.00%,1171.50%,432.50%,875.50%,23.00%,-23.00%,89.00%,67.00%,20.00%
K27,(LoK)ReBudino10,346.34%,304.84%,326.34%,43.75%,-43.75%,591.00%,157.82%,766.70%,1393.20%,1224.49%,136.50%,-165.25%,218.00%,457.00%,1536.00%,1123.50%,645.85%,146.50%,-136.50%,241.00%,229.00%,2747.05%,1849.50%,1630.20%,173.50%,-151.00%,621.00%,395.00%,2119.35%,971.00%,1308.50%,154.75%,-136.50%,402.00%,263.00%,24.50%
K27,(LoK)Avenok,352.34%,326.34%,373.34%,43.75%,-43.75%,600.00%,600.00%,1594.70%,2181.00%,1713.70%,144.75%,-201.25%,302.00%,664.00%,2370.35%,1935.50%,1512.50%,163.00%,-175.00%,491.00%,844.00%,1690.00%,1403.50%,989.20%,144.75%,-166.75%,302.00%,664.00%,1568.00%,965.00%,1358.00%,147.00%,-160.50%,426.00%,208.00%,25.00%
K27,(LoK)Avenok2,286.59%,239.09%,248.59%,41.50%,-40.00%,600.00%,262.16%,1176.00%,1687.27%,1200.07%,136.50%,-149.75%,109.00%,204.00%,2065.20%,1588.85%,1391.20%,160.00%,-121.50%,311.00%,372.00%,1690.00%,1403.50%,989.20%,144.75%,-166.75%,302.00%,664.00%,1156.35%,819.50%,1420.00%,142.00%,-112.00%,118.00%,119.00%,24.00%
K27,(LoK)HALLOWEEN,268.20%,154.79%,183.49%,38.50%,-42.50%,698.70%,401.00%,913.70%,1420.04%,901.00%,41.00%,-52.75%,99.00%,1061.25%,1150.20%,802.50%,143.00%,118.00%,-82.00%,2244.05%,1542.20%,1040.20%,626.20%,661.50%,152.50%,-138.50%,208.00%,410.00%,316.00%,315.00%,138.00%,41.00%,-32.00%,24.50%,31.00%,22.00%
K27,(LoK)Avenok3,315.70%,200.59%,227.99%,41.50%,-35.00%,578.04%,390.00%,778.20%,1427.54%,974.07%,81.00%,-58.00%,578.04%,491.00%,1180.00%,973.50%,582.20%,121.00%,-130.50%,2234.05%,1488.20%,1488.20%,973.50%,621.20%,150.25%,-125.50%,578.04%,491.00%,406.50%,322.00%,285.00%,41.00%,-49.00%,107.00%,23.00%,22.00%
K27,(LoK)EsrefAziz,321.51%,235.65%,246.65%,41.50%,-37.50%,601.00%,273.16%,757.70%,1617.04%,1143.07%,129.36%,-108.00%,232.00%,360.00%,1169.00%,1128.50%,779.00%,116.50%,-118.50%,269.00%,116.00%,941.50%,595.50%,678.50%,137.50%,-94.00%,316.00%,264.00%,1084.70%,491.70%,794.70%,68.00%,-45.00%,111.00%,66.00%,23.00%
K27,(LoK)Sickboy '_',314.70%,200.59%,237.09%,41.50%,-37.50%,548.44%,288.70%,788.70%,1566.04%,1062.07%,129.50%,-62.00%,265.00%,271.00%,1297.00%,928.50%,609.20%,156.50%,-128.50%,278.00%,2443.05%,1779.20%,1278.00%,869.50%,144.50%,-140.00%,288.70%,366.00%,1033.70%,543.70%,790.00%,63.00%,-31.00%,81.00%,63.00%,22.00%
K27,(LoK)Deuz,368.70%,250.09%,282.09%,40.00%,-40.00%,421.40%,167.92%,791.70%,1521.04%,948.07%,149.00%,-41.00%,141.00%,266.00%,1519.00%,1229.50%,973.50%,150.25%,-125.50%,248.00%,272.00%,2322.30%,1490.50%,897.50%,150.00%,-138.50%,388.00%,415.00%,761.50%,331.00%,541.70%,49.00%,-23.00%,92.00%,14.00%,22.00%
K27,(LoK)JOKER,311.20%,157.99%,182.49%,41.50%,-37.50%,456.50%,18.80%,748.70%,1512.04%,1002.00%,122.00%,-54.50%,85.00%,116.00%,1116.50%,856.00%,604.20%,127.75%,-114.50%,140.00%,212.00%,2374.05%,1558.50%,986.50%,156.25%,-144.25%,375.00%,502.00%,1023.70%,535.70%,724.00%,75.00%,-38.50%,121.50%,108.00%,22.00%
K27,(LoK)KUMRU,255.59%,230.59%,287.59%,37.50%,-41.50%,471.50%,281.86%,790.20%,1048.99%,1184.70%,116.00%,-95.00%,533.00%,540.00%,1403.50%,1298.50%,980.20%,146.90%,-130.50%,343.00%,355.00%,2200.55%,1308.50%,1018.50%,139.50%,-140.00%,785.85%,360.00%,1333.10%,843.50%,1117.00%,117.00%,-111.00%,63.00%,18.00%,22.00%
K27,(LoK)GTR,311.09%,285.59%,317.09%,41.50%,-41.50%,228.30%,101.08%,928.70%,1279.20%,1266.49%,134.75%,-149.75%,186.00%,246.00%,1576.00%,1249.50%,798.85%,134.75%,-131.75%,214.00%,158.00%,2334.05%,1566.50%,1224.20%,145.75%,-151.75%,239.00%,169.00%,1722.35%,761.50%,1001.00%,143.00%,-132.50%,138.00%,88.00%,23.00%
K27,(LoK)黑夜弑神者,320.09%,272.59%,302.59%,41.50%,-43.75%,439.84%,197.20%,852.20%,1357.20%,1270.49%,160.50%,-160.75%,143.00%,56.00%,1749.00%,1156.50%,688.85%,167.50%,-154.50%,414.00%,239.00%,2511.05%,1518.00%,1457.70%,172.50%,-146.50%,382.00%,316.00%,1938.35%,767.00%,1089.00%,143.00%,-138.50%,128.50%,108.00%,23.00%
K27,(LoK)$LADIATOR,324.95%,247.09%,280.59%,43.75%,-41.50%,600.00%,205.50%,918.20%,1770.54%,1411.07%,142.75%,-174.00%,174.00%,280.00%,1221.00%,1150.50%,678.85%,154.75%,-130.50%,293.00%,121.00%,1826.20%,1036.50%,1036.50%,148.75%,-140.00%,163.00%,266.00%,1025.20%,671.70%,964.00%,65.00%,-34.00%,94.00%,35.00%,22.00%
K27,(LoK)Kaido,297.09%,251.34%,285.84%,40.00%,-43.75%,549.16%,147.28%,1239.50%,1715.42%,1063.07%,49.00%,-64.00%,79.00%,616.00%,2002.70%,1461.50%,1348.20%,150.75%,-136.50%,347.00%,284.00%,2260.55%,1461.50%,1348.20%,150.50%,-136.50%,347.00%,316.00%,1388.85%,709.00%,820.50%,107.00%,-82.00%,101.00%,80.00%,23.00%
K27,(277)X-,412.85%,424.10%,444.10%,43.75%,-47.50%,600.00%,600.00%,2300.70%,2435.00%,2065.70%,196.50%,-226.50%,664.00%,900.00%,2429.85%,1719.50%,1397.00%,163.00%,-154.50%,900.00%,844.00%,2348.50%,1690.00%,1504.35%,201.50%,-190.50%,900.00%,608.00%,1577.50%,1080.50%,1358.00%,180.50%,-184.50%,845.00%,380.00%,26.00%
K27,(277)FERi,319.21%,241.60%,290.60%,40.00%,-40.00%,258.86%,121.88%,844.70%,1407.20%,1224.07%,129.50%,-148.00%,142.75%,255.00%,1605.50%,1157.50%,995.35%,143.00%,-130.50%,278.00%,193.00%,2026.85%,1327.50%,893.00%,144.25%,-144.25%,148.00%,316.00%,1405.50%,873.70%,794.00%,120.00%,-114.50%,68.00%,48.00%,24.00%
K27,(277)Z_VAGNER_,253.10%,194.90%,256.60%,40.00%,-39.00%,233.98%,121.88%,768.70%,645.42%,1229.55%,116.50%,-70.50%,235.00%,362.00%,1335.50%,1023.50%,674.00%,143.15%,-118.50%,203.00%,112.00%,2120.05%,1108.00%,774.70%,142.50%,-136.50%,300.00%,316.00%,1065.50%,693.50%,345.00%,65.00%,-45.00%,86.00%,36.00%,23.00%
K27,(277)CK20505,395.10%,311.85%,358.85%,41.50%,-43.75%,512.24%,381.18%,1468.70%,1906.62%,1556.07%,160.00%,-57.25%,608.00%,591.00%,2156.50%,1291.00%,946.20%,145.75%,-105.00%,413.00%,278.00%,2663.55%,1731.70%,1430.20%,160.50%,-145.75%,588.00%,372.00%,1388.50%,761.50%,1001.00%,113.00%,-49.00%,116.00%,96.00%,22.00%
K27,(277)BING-BANG,328.71%,221.10%,252.10%,40.00%,-40.00%,381.40%,161.73%,1013.70%,1637.62%,1422.49%,140.50%,-135.50%,184.00%,290.00%,1195.50%,997.00%,503.85%,131.75%,-114.50%,223.00%,101.50%,2289.05%,1308.50%,1043.20%,144.50%,-140.00%,325.00%,208.00%,1032.00%,546.70%,791.00%,65.00%,-21.00%,71.50%,49.50%,22.00%
K27,(277)Rossy,312.71%,238.10%,254.10%,40.00%,-40.00%,232.24%,121.88%,838.70%,1236.00%,1075.92%,142.75%,-142.75%,184.00%,255.00%,1350.50%,1355.50%,985.35%,137.75%,-145.50%,223.00%,263.00%,2289.05%,1487.50%,1145.75%,145.75%,-145.75%,316.00%,316.00%,1161.50%,546.70%,950.00%,65.00%,-21.00%,89.00%,49.50%,22.00%
K27,(277)yafa2828,347.21%,256.60%,288.10%,40.00%,-40.00%,775.35%,167.62%,1167.70%,1675.62%,1492.49%,130.00%,-142.75%,280.00%,366.00%,1605.50%,1242.50%,674.00%,143.15%,-105.00%,232.00%,100.00%,2092.50%,1238.50%,1027.20%,145.75%,-136.50%,345.00%,235.00%,963.50%,380.00%,345.00%,57.00%,-45.00%,81.00%,36.00%,22.00%
K27,(277)THOR,280.60%,236.60%,240.10%,38.50%,-38.50%,213.04%,60.00%,600.70%,976.57%,1292.12%,122.00%,-57.25%,76.00%,204.00%,1345.20%,776.00%,380.00%,116.50%,-130.50%,143.00%,212.00%,2348.50%,1352.50%,1108.35%,144.75%,-140.00%,316.00%,316.00%,1213.70%,873.70%,1023.00%,65.00%,-45.00%,116.00%,68.00%,22.00%
K27,(277)L0KI,256.10%,223.60%,267.60%,41.50%,-41.50%,392.21%,232.00%,521.70%,735.42%,1294.12%,116.00%,-46.25%,33.00%,144.00%,1844.55%,1478.50%,488.00%,131.75%,-114.50%,316.00%,137.00%,2105.30%,1298.50%,1083.35%,146.75%,-136.50%,325.00%,316.00%,1298.50%,791.00%,724.00%,65.00%,-38.50%,81.00%,68.00%,22.00%
K27,(277)ØDłř,250.60%,212.40%,319.10%,40.00%,-40.00%,432.50%,300.76%,599.20%,1008.20%,941.49%,120.00%,-49.15%,35.00%,184.00%,1775.95%,1252.70%,694.85%,120.50%,-126.50%,120.00%,313.00%,1890.60%,1327.00%,1295.00%,139.75%,-136.50%,345.00%,270.00%,1023.70%,760.00%,976.70%,65.00%,-31.00%,81.00%,48.00%,22.00%
K27,(277)gMantisğ,318.71%,246.10%,263.10%,41.50%,-41.50%,432.24%,55.44%,749.70%,1392.62%,1177.49%,130.00%,-56.00%,132.00%,232.00%,1256.50%,1156.50%,659.35%,128.50%,-128.50%,308.00%,116.00%,2340.55%,1119.50%,1011.20%,142.25%,-144.25%,316.00%,316.00%,1061.20%,539.20%,802.00%,65.00%,-31.00%,81.00%,36.00%,23.00%
K27,(277)OFLU,246.71%,196.60%,203.10%,38.50%,-38.50%,362.28%,57.76%,665.70%,1122.62%,877.42%,124.00%,-43.65%,43.00%,116.00%,1431.50%,940.50%,883.50%,132.00%,-118.50%,143.00%,203.00%,1990.05%,1128.00%,699.20%,144.25%,-136.50%,150.00%,255.00%,1006.70%,382.70%,791.00%,65.00%,-21.00%,28.00%,14.00%,22.00%
K27,(277)Kitch0,270.21%,204.10%,240.10%,37.50%,-37.50%,548.70%,282.44%,587.70%,1125.62%,922.92%,130.00%,-54.25%,43.00%,235.00%,1605.50%,1242.50%,985.35%,135.50%,-114.50%,316.00%,100.00%,2105.30%,1277.00%,1349.70%,139.75%,-136.50%,343.00%,316.00%,1415.50%,802.50%,791.00%,65.00%,-21.00%,81.00%,36.00%,23.00%
K27,(277)Vixx,262.60%,239.60%,276.60%,41.50%,-41.50%,594.70%,1411.32%,594.70%,811.57%,1135.62%,120.00%,-58.25%,86.00%,115.00%,2295.05%,1787.70%,807.50%,157.50%,-130.50%,345.00%,143.00%,2348.50%,1345.00%,1140.85%,139.75%,-136.50%,345.00%,316.00%,1188.50%,863.50%,1023.00%,65.00%,-45.00%,94.00%,48.00%,22.00%
K27,(277)ARCHILL,238.10%,228.10%,259.60%,37.50%,-37.50%,329.24%,233.98%,579.70%,769.84%,1080.70%,116.00%,-41.50%,45.00%,95.00%,1456.50%,1013.50%,479.50%,131.75%,-105.00%,137.00%,132.00%,2289.05%,1140.00%,710.50%,139.75%,-136.50%,300.00%,270.00%,1161.50%,791.00%,724.00%,65.00%,-31.00%,71.50%,36.00%,22.00%
K27,(277)SellingAccount,239.60%,214.10%,227.10%,37.50%,-37.50%,297.64%,112.98%,587.70%,1126.20%,1045.99%,122.00%,-54.25%,81.00%,135.00%,1325.00%,961.50%,502.85%,121.00%,-114.50%,143.00%,121.00%,2340.55%,1430.00%,1217.20%,143.25%,-136.50%,316.00%,255.00%,1095.00%,505.50%,724.00%,56.00%,-21.00%,68.00%,24.00%,22.00%
K27,(277)ALEMDAR,327.10%,293.10%,319.10%,41.50%,-40.00%,436.50%,535.56%,974.00%,1946.42%,1135.07%,143.00%,-181.00%,198.50%,300.00%,1821.00%,1198.50%,750.50%,150.00%,-125.00%,313.00%,125.00%,1993.20%,1410.50%,1147.75%,148.00%,-140.00%,382.00%,316.00%,1722.35%,761.50%,950.00%,130.00%,-128.50%,138.50%,108.00%,22.00%
